,strategy,popsize,ep_eta,ip_eta,ep_delta,ip_delta,sp_ge,sp_gi,desired_frequency,fitness,iterations,execution_time
0,best1bin,20,7.387414595210662,6.2428256718677275,0.2113236331736138,0.5736665499338012,13.09204433216328,20.99443448367848,6,1.0,10,118.12484216690063
1,best1bin,20,8.755778611176956,2.7862667627858286,0.0944179498252818,0.918394951294286,8.280987977290113,27.70935618922763,6,0.0,10,119.98760318756104
2,best1bin,20,15.645618901254638,53.05717227244571,0.8838961872856176,0.3192324413516934,2.3841910315228816,1.300189015679095,6,0.0,10,122.07075905799866
3,best1bin,20,11.069126316784631,12.884107133836885,0.2302137013411755,0.5525723438954849,3.6806329074812103,1.589076717106348,6,0.0,10,122.68055510520936
4,best1bin,20,11.178920116762082,16.838182807622687,0.5959802611744386,0.7355935192792891,4.9143909021057794,1.0264844352713671,6,0.0,10,122.07080388069151
5,best1bin,20,14.923834310480853,27.89296878529529,0.1146382271909222,0.6468608715300359,4.416061387363034,1.2153248911064305,6,0.0,10,121.56820297241212
6,best1bin,20,13.07882986289401,28.775387980457253,0.7475673258735637,0.3073884266444983,2.3207173269920105,1.5473758087431513,6,0.0,10,120.76372909545898
7,best1bin,20,6.275910240086834,8.48137245949507,0.5769859762072514,0.928596815299887,6.230938045467856,1.514884559197414,6,0.0,10,122.7596390247345
8,best1bin,20,6.733142556331472,19.355109623061388,0.8453588505920328,0.580505762894381,4.774515130907805,1.1265488065707334,6,0.0,10,121.52571988105774
9,best1bin,20,14.45700665573034,20.803339932619274,0.0497515271306644,0.7740762113122299,3.938743863308676,1.420057149025684,6,0.0,10,120.33139300346376
10,best1bin,20,15.74499271056631,21.848124694862516,0.6686244357566921,0.9419672771500824,5.5427275580129045,1.1194419009143657,6,0.0,10,121.17447185516356
11,best1bin,20,14.942194734913304,48.17060246008905,0.6762508313671092,0.2578187571206695,2.9038728084952545,1.212104073118411,6,0.0,10,121.12130522727966
12,best1bin,20,14.689868822160744,16.641268050668515,0.0256656227058685,0.8281586151755173,5.388642018461149,3.458190315629164,6,0.0,10,120.35676789283752
13,best1bin,20,7.1419953796106235,7.541935459020884,0.4392585082946215,0.7956115634509838,2.4756429349673823,1.1826492530994148,6,0.0,10,119.96207284927368
14,best1bin,20,4.79454023213482,8.086588078549383,0.7886590493732164,0.4009078879863028,4.749918921014954,1.7617523560927673,6,0.0,10,122.65863299369812
15,best1bin,20,18.54962566034138,25.48349426662705,0.3517263019874022,0.8789155292280055,5.67070539900355,4.2137058088152095,6,0.0,10,120.24423503875732
16,best1bin,20,7.0275115709340055,30.78370199359348,0.9764580539147124,0.9206266220730804,6.677985362334333,1.8098070587465287,6,0.0,10,120.76802611351012
17,best1bin,20,4.105546839370184,4.750940242934689,0.3351612613566368,0.5762883343571238,18.927479247502877,12.33151156954576,6,0.0,10,121.111163854599
18,best1bin,20,7.961594566487317,7.402464052693233,0.1446804918071623,0.966150931781978,3.653607926089552,5.108475628217052,6,0.0,10,126.49178385734558
19,best1bin,20,14.870369717895404,18.243533519204114,0.1762842660720157,0.641072843603701,2.6280522093362,3.6976158784899873,6,0.0,10,124.34384393692017
20,best1bin,20,11.76132349117006,9.677008256734156,0.616875570975554,0.946916841707123,17.54882103690427,7.636924992444107,10,0.0,10,123.1946759223938
21,best1bin,20,6.763390050516669,0.5940313118381866,0.6821846416052479,0.8046538108971244,5.9697838493313515,4.700364328096136,10,0.0,10,275.23557591438293
22,best1bin,20,15.655932674538658,13.523277748151983,0.5327487072689888,0.7464561609019338,6.985472897999423,7.598410295235843,10,0.0,10,1470.0544469356537
23,best1bin,20,15.29402354870798,8.8489193463206,0.1018016531905137,0.911498583941544,17.492378411082058,27.946651546210845,10,0.0,10,414.39088773727417
24,best1bin,20,5.958092928722336,1.3604374761402411,0.3098665683877013,0.556513214819208,16.85718023764662,12.84799243776385,10,0.0,10,197.67406678199768
25,best1bin,20,17.32556591828293,12.048779245253073,0.3472576995849422,0.8637291856814905,4.3725899200553195,3.701501138140325,10,0.0,10,145.98448300361633
26,best1bin,20,6.183542166217521,2.360434518171836,0.2858895031883215,0.9265684263340422,16.610892068325555,27.31054366320231,10,0.0,10,187.3969430923462
27,best1bin,20,7.665358535719545,4.818082615132333,0.3711137999908763,0.6996208224178595,7.010180979596944,11.27341069081471,10,0.0,10,683.0597560405731
28,best1bin,20,12.020041085288993,8.33804367064947,0.5418593998863653,0.7779594242123368,18.962650016195223,11.480619525741336,10,0.0,10,769.8025908470154
29,best1bin,20,9.659603815566308,1.1631347599284825,0.5592949250702793,0.925137403629137,8.797615135862424,5.167455434507737,10,0.0,10,535.5645580291748
30,best1bin,20,8.296294960153325,3.922478176345905,0.6447489912693554,0.718652365369955,6.960921339224799,4.930786011695233,10,0.0,10,359.2472879886627
31,best1bin,20,10.196925487616308,6.234637638906413,0.0551856911877938,0.9634914528607336,5.905774165705782,12.946505482614503,10,0.0,10,181.87740015983584
32,best1bin,20,8.10914078976328,5.1183634350321725,0.3252187933171289,0.5213099130299407,8.030723702104222,8.968511314797604,10,0.0,10,178.301922082901
33,best1bin,20,17.583410900478498,14.775200584823304,0.7212849986952762,0.6437048281696509,3.216051040427038,3.0550838445895714,10,0.0,10,229.07562518119812
34,best1bin,20,15.179253676254964,12.1215306174523,0.8729935096298316,0.6969666947505523,3.267495261939607,4.82597353823534,10,0.0,10,407.2884871959686
35,best1bin,20,10.600970226752006,7.669738799967334,0.2538087637562567,0.4874063968209933,13.592603923177853,22.189570920566062,10,0.0,10,164.41910099983215
36,best1bin,20,14.616679418442825,2.6752488175308216,0.6968881233636476,0.6557790580651542,5.552249141689255,3.00365169721381,10,0.0,10,292.90598034858704
37,best1bin,20,11.200985030429909,7.338534417781659,0.4784020313054449,0.8149785841202781,6.445828259306816,5.156986752724512,10,0.0,10,141.35997891426086
38,best1bin,20,13.580901095533315,8.798392992715847,0.4000662201292396,0.7827797822107014,13.381612124585684,7.89511584327211,10,0.0,10,178.0913097858429
39,best1bin,20,12.565175179816906,10.727315007717891,0.2758018739567789,0.8768352354002041,10.713528441195455,14.153699500611282,10,0.0,10,295.2073588371277
40,best1bin,20,17.53388151153393,5.328888020640235,0.5186522408026261,0.9000546457829189,1.36600006363593,18.48650172323886,20,0.0,10,236.27105689048767
41,best1bin,20,1.3458891055784648,9.357770902619372,0.2394850548421971,0.1444603998259379,16.168900338304574,23.38542326579494,60,0.0,10,121.96770191192628
42,best1bin,20,4.637777942538728,11.358075360688744,0.0235779896702711,0.0317176721850331,19.553636716591008,14.983385457421765,60,0.0,10,121.9254891872406
43,best1bin,20,5.6838356206280265,3.251906669578453,0.7039097033538618,0.2748953084263155,5.322153415274143,18.011308839763174,60,0.0,10,121.01600909233092
44,best1bin,20,6.990812888647898,5.594267981178717,0.7015697064440132,0.155590615185827,1.9034002531865664,22.18273942164642,60,0.0,10,120.46182513237
45,best1bin,20,2.3522184259972683,7.937550949248063,0.037460848408207,0.1850641200016296,6.536174593808537,8.078178179686025,60,0.0,10,120.0115909576416
46,best1bin,20,2.616222613981031,5.4955701133547805,0.1756558859628987,0.2386195269825549,10.774493284882745,12.398799843486769,60,0.0,10,119.34012913703918
47,best1bin,20,3.5367603495771736,12.099714683495506,0.2595456670407825,0.1437165620866966,8.778326766146577,28.459778434141093,60,0.0,10,121.47201895713806
48,best1bin,20,15.588134647919247,7.892229664009967,0.1566252024793396,0.3754438648714396,1.2776161500984973,22.221199184793708,60,1.0,10,121.9885640144348
49,best1bin,20,13.666304611429547,9.48391058116615,0.7116792224645813,0.1634269773280284,1.4693263611156766,24.55362116825481,60,0.0,10,119.7785530090332
50,best1bin,20,5.9821601139266125,2.800125454528036,0.5941948976970926,0.1218569448356715,11.31969249654372,28.187600269024884,60,0.0,10,121.1528251171112
51,best1bin,20,4.182929992017515,3.438867064309541,0.7557220178733871,0.1985042822222439,3.4898773749403738,23.131492860077312,60,0.0,10,121.97513914108276
52,best1bin,20,10.764571932637644,9.31511188136934,0.6549529102539469,0.1140883139735893,6.223762167737783,28.39504100193671,60,0.0,10,122.1119258403778
53,best1bin,20,7.37324844999805,5.605016448914938,0.6216315380502633,0.1826597152114871,6.387521895698608,21.320116827395132,60,0.0,10,121.90984296798706
54,best1bin,20,3.968987405208063,7.176985160489892,0.4586378152547846,0.1725688735787683,4.546073732195104,22.37070833944945,60,0.0,10,123.9131977558136
55,best1bin,20,3.1250687491599836,2.84878175343966,0.7045494046738439,0.1472897195347477,8.141777264545013,19.465835776149696,60,0.0,10,122.55896306037904
56,best1bin,20,7.256405460366857,10.419386884946093,0.091297264129744,0.0785153310286042,7.166962311613681,14.135742430871534,60,0.0,10,122.0884130001068
57,best1bin,20,13.929588245399074,0.6780979890684904,0.3776611916880079,0.3865459991707981,4.017779912540008,23.99155038439805,60,1.0,10,121.19508600234984
58,best1bin,20,2.8260969215610947,13.058277040303118,0.2146058490774091,0.1094714166500879,10.624633987862945,25.392556502757312,60,0.0,10,120.71053314208984
59,best1bin,20,4.124466900851663,0.9619928302734592,0.5044306592832237,0.0761233658385862,9.931242142793964,19.92948328856423,60,0.0,10,120.72180914878844
60,best1bin,20,5.781257093574098,8.520759456274206,0.2270430571992326,0.1920545703549974,10.208795962160618,23.39969921735492,60,0.0,10,121.4618968963623
61,best1bin,20,10.59358825494602,8.082744898278072,0.0220726843298517,0.4329601473864312,5.342897430522498,10.489345823739727,10,0.0,15,25.37500810623169
62,best1bin,20,10.815369907370629,6.130523741165874,0.1725027276276826,0.8542807187667438,14.634836129790529,28.90567260994432,10,0.0,15,25.934448957443237
63,best1bin,20,4.97262346407368,1.5520968550691308,0.3781570385732399,0.979876074251373,6.09737094501694,9.359577874399818,10,0.0,15,26.01948118209839
64,best1bin,20,18.63821977611865,15.780023270984536,0.1419934298065019,0.4940367116045375,13.820904069649544,25.311095041542103,10,0.0,15,27.98561191558838
65,best1bin,20,9.233525182127837,1.7961092088529045,0.3056630127583217,0.6385072178104364,7.901642104757897,6.265837136359632,10,0.0,15,25.77145290374756
66,best1bin,20,5.098861531348186,1.1605462138371436,0.2999865531695212,0.6492331122331565,16.269752462863984,28.731880616835085,10,0.0,15,26.43069291114807
67,best1bin,20,9.357782182857672,2.1877429274931615,0.1181107412450059,0.8196185558661473,7.8139676330901775,9.300903849619916,10,0.0,15,25.958686113357544
68,best1bin,20,12.15945929949741,7.120176066129744,0.2522628436466728,0.9184561481204462,14.763501309060814,11.401806742492363,10,0.0,15,26.17536497116089
69,best1bin,20,14.82589750206226,11.136192699521786,0.3225738456120354,0.6474212887455695,15.229233956205809,12.89284402905202,10,0.0,15,26.493682384490967
70,best1exp,20,10.200872364461157,4.59973002675909,0.1357157672606629,0.7323033157084134,4.928705382110295,25.489271748022546,10,0.0,15,26.942368030548096
71,best1exp,20,18.057625469122065,17.461961044480034,0.7676809287375934,0.9557219506206464,11.22823573617966,6.923355310812573,10,0.0,15,27.03732204437256
72,best1exp,20,10.07403062240008,4.585915316030508,0.8880299026963947,0.85269778590254,8.49284970611651,3.9081065668971817,10,0.0,15,27.030548095703125
73,best1exp,20,7.091779185472697,2.2872705136600615,0.4562006993687356,0.6230591470782837,19.98211455935894,14.805891116189956,10,0.0,15,27.558276176452637
74,best1exp,20,18.969302027006005,16.20915313962937,0.3638600891930852,0.728813840710524,10.559793711630576,7.846974962668866,10,0.0,15,26.26098608970642
75,best1exp,20,17.680670437088366,15.400879695645216,0.4084650991651038,0.8822299592591472,11.495778081971958,12.52243248203498,10,0.0,15,27.055224895477295
76,best1exp,20,11.832939470697966,9.56939026000829,0.5128436425583681,0.8945628080968215,7.108913390273777,8.465564688289184,10,0.0,15,27.10455322265625
77,randtobest1bin,20,13.595978801216429,10.286348401417229,0.215409934897938,0.5068411775424237,7.73463182727815,10.424397375852289,10,0.0,15,25.931525230407715
78,randtobest1bin,20,9.906000035814872,7.05295859035796,0.1483863977913683,0.5703196390586295,11.360197105391102,26.99717507254715,10,0.0,15,25.82129502296448
79,randtobest1bin,20,10.149404327698818,4.901755081816859,0.2622097740806373,0.6884833111015192,13.294782077268913,12.747599727365465,10,0.0,15,29.05679988861084
80,randtobest1bin,20,5.022663451860709,0.5413774289793523,0.2169259073952051,0.741069283470644,14.513482418931456,17.623128957810668,10,0.0,15,25.639873027801514
81,randtobest1bin,20,14.223220936872773,4.461453900828829,0.518397723010343,0.862784760247979,9.65348082153162,4.878222947348474,10,0.0,15,28.56380414962769
82,randtobest1bin,20,6.576576136802144,2.4866362659432113,0.121949133415486,0.3520576867598068,11.053200128459252,24.38711488962505,10,0.0,15,25.315974235534668
83,randtobest1bin,20,12.942257359805954,10.04406092106823,0.5321115797295598,0.8115841592270217,14.740962738779238,11.124031811923388,10,0.0,15,25.348576068878177
84,randtobest1bin,20,17.670248998348395,14.175834191980329,0.6492622100762997,0.97338639622435,10.319520130570028,4.63206305170158,10,0.0,15,25.673463106155396
85,randtobest1bin,20,14.57184402354086,14.517129657307898,0.9766879312216205,0.8354207774358262,10.707646964541178,5.279613870768621,10,0.0,15,27.13608694076538
86,randtobest1bin,20,4.6935752088881175,1.8343003080497835,0.8072716894319432,0.671234936866485,10.985804661466275,8.140438225704926,10,0.0,15,27.65865802764893
87,randtobest1bin,20,7.95520230392494,4.6377978531427075,0.4404437433929501,0.6480183137865704,12.89564954916625,13.897054572914236,10,0.0,15,31.112794876098633
88,randtobest1exp,20,8.252829484373718,5.45341277962568,0.5911869374999144,0.7949075621007531,13.682053910967442,9.82506700918256,10,0.0,15,31.161654949188232
89,randtobest1exp,20,9.43515742446906,6.900660313200994,0.4363137100832363,0.60580138090596,13.672247300810902,17.063315269248438,10,0.0,15,31.293498039245605
90,randtobest1exp,20,18.645432125187178,17.197388069994467,0.7166282398237478,0.9683285369230245,15.855504262616856,5.118410381767426,10,0.0,15,30.659942150115967
91,randtobest1exp,20,16.262296526027505,9.099409584268804,0.6625093630889287,0.8215328362891945,8.101619947962332,4.346140079340559,10,0.0,15,31.130125999450684
92,randtobest1exp,20,13.130429149141008,10.39018836898842,0.3041567863446327,0.7946732181143985,13.034054477228338,16.7590134080053,10,0.0,15,31.18855571746826
93,randtobest1exp,20,7.339303279648714,2.877806822829079,0.2977930320908595,0.6941509224613238,16.260459667222293,13.719617600266758,10,0.0,15,30.41885209083557
94,randtobest1exp,20,11.55245815724138,8.114843663812124,0.3249052094991227,0.8792790115076321,11.806436647644109,23.585446236101525,10,0.0,15,30.19202494621277
95,randtobest1exp,20,4.8948658526112,2.161812564881785,0.7458056912721495,0.8119639625227181,16.881034269110305,10.094097400802656,10,0.0,15,29.97642612457275
96,randtobest1exp,20,17.317972966288583,5.521122152337931,0.9362979877516064,0.8591513819731156,3.0718638284707263,1.8522271575561788,10,0.0,15,30.92271614074707
97,randtobest1exp,20,12.780476108182198,9.317839207486088,0.0466766829826889,0.5711915394920623,5.665976587941071,24.574964528814043,10,0.0,15,30.75121521949768
98,randtobest1exp,20,8.371922141928954,5.07383682773056,0.7223176992879667,0.7891203381073635,12.550363896143075,9.482284224093242,10,0.0,15,30.61631488800049
99,randtobest1exp,20,13.508757241743233,8.9699505277177,0.2964020759072582,0.7481371839533162,7.689162899872384,6.086029501884241,10,0.0,15,31.176263093948364
100,randtobest1exp,20,9.272918739148045,5.8865629242296365,0.3089641952269454,0.8956350788696363,10.698634629539288,12.735380839751802,10,0.0,15,30.646153926849365
101,best1bin,20,11.262341482183572,10.816881543991263,0.014051290758233,0.4453250475554814,5.309291928151195,12.38947450188764,20,0.0,15,30.511346101760864
102,best1bin,20,16.862556634205237,5.319424478850863,0.3089254949682017,0.8687201624800093,2.2994902460838667,23.53398695728008,20,0.0,15,138.19904112815857
103,best1bin,20,16.79545164080932,9.679351650457235,0.1030057877356622,0.5256827380438104,2.2152121518589833,15.710345061902885,20,0.0,15,32.71325182914734
104,best1bin,20,18.15610053129524,6.380163611664173,0.6499632077276114,0.582121463124428,8.263078758615213,16.217226738031265,20,0.0,15,26.834105730056763
105,best1exp,20,15.275836122552226,7.171331586185985,0.2488066941411751,0.5547618604349156,4.261651392911766,19.556281738726145,20,0.0,15,26.53466296195984
106,best1exp,20,13.266088068688283,1.04028588477874,0.7405718274009527,0.950247639449208,5.4052241551894555,28.011951657936223,20,0.0,15,25.576048851013184
107,best1exp,20,6.781088577489763,6.144459827388786,0.1280059764955805,0.6122853473455383,5.968978941469888,7.831234864025583,20,0.0,15,27.09060311317444
108,best1exp,20,16.5344249983436,7.006079239749155,0.4191301175441319,0.7880104382220976,6.106503327991161,25.22628612283837,20,0.0,15,27.327064037323
109,best1exp,20,17.228055581359534,4.1215146163495575,0.581956970763057,0.7878950199139715,11.814839178042178,22.47824325838427,20,0.0,15,25.791584968566895
110,best1exp,20,12.947852639958754,6.660055446847707,0.0436924137752784,0.8302966922332494,1.747579433226063,26.351813120128867,20,0.0,15,26.43714499473572
111,best1exp,20,18.458839018425447,1.172055435390135,0.5273593335139395,0.5741625540277291,9.389730811754534,29.093916281353128,20,0.0,15,25.736369132995605
112,randtobest1bin,20,17.960558603659777,1.55019692475571,0.1936849956220755,0.8245960514986381,3.875000667899556,8.617223962883623,20,0.0,15,26.028990983963013
113,randtobest1bin,20,12.20171532184794,3.3913406256559497,0.3628112246113609,0.3661437779454177,5.270130078694676,12.136387401567893,20,0.0,15,25.805279970169067
114,randtobest1bin,20,15.093710212435507,4.078151242923575,0.8006463086680797,0.6395688476325629,4.6287799974850214,10.491934095515948,20,0.0,15,30.781533241271973
115,randtobest1bin,20,16.709379432367893,6.544802624073128,0.491237699886923,0.984062763728864,7.056275173985133,13.821846405119,20,0.0,15,29.74826407432556
116,randtobest1bin,20,18.64823555689007,6.599898921155379,0.6060953120996297,0.6385521201640604,11.992287313352165,26.165213604652628,20,0.0,15,31.215020656585693
117,randtobest1bin,20,15.700505641236962,4.6594862785530395,0.5876568612633483,0.7792236451456013,6.512328000582697,12.74027090919014,20,0.0,15,31.430179834365845
118,randtobest1bin,20,18.31888299043991,8.964888386872502,0.3712698125619225,0.767891325044026,6.151830793618026,28.266994683694723,20,0.0,15,31.19076180458069
119,randtobest1bin,20,15.18771284415578,3.961997768491379,0.7235196068007447,0.9593910150486644,5.565229261553642,13.996469910208797,20,0.0,15,30.975306034088135
120,randtobest1exp,20,15.31466359358264,7.037367649440924,0.354841604625226,0.4803707838389773,6.396401120247977,22.357940952527205,20,0.0,15,30.858915090560913
121,randtobest1exp,20,17.011009008792733,2.285915127763559,0.5225355639683161,0.6406146154600949,14.622138933570223,23.91136874685738,20,0.0,15,30.313069820404053
122,randtobest1exp,20,17.117199275139285,8.014928511065463,0.4606267665100796,0.7048728775360263,3.5389421107148396,22.340804204339975,20,0.0,15,30.715434074401855
123,randtobest1exp,20,17.80523426789251,7.477419968489805,0.4821807910626451,0.8875654526230241,3.839032975558527,24.383454417066776,20,0.0,15,31.26044535636902
124,randtobest1exp,20,14.68009491878179,2.8985473116259257,0.0701113162404666,0.7068087477379201,4.778746856321811,21.197986138742426,20,0.0,15,30.483419179916385
125,randtobest1exp,20,16.340843444359884,7.947461240642483,0.3209246272340888,0.8144241171523788,5.779611468216526,13.650555167140142,20,0.0,15,30.300746202468872
126,randtobest1exp,20,13.73893157418028,5.881720876633388,0.2448666647477975,0.4011503260203728,2.8161309867359448,17.21497922598318,20,0.0,15,29.74392294883728
127,randtobest1exp,20,17.239608577837384,9.302368018569126,0.1625920205656389,0.7792916014829517,5.295176039415412,15.513213868536525,20,0.0,15,29.686858892440796
128,randtobest1exp,20,15.369801134000491,7.349101887271878,0.2257913415679321,0.4207130047276939,6.273603853880035,18.00436046256494,20,0.0,15,29.82098412513733
129,best1bin,20,2.4660713973120068,2.6525895688905834,0.7793467230762481,0.2234627243504081,9.442413389329523,25.634046040700493,60,0.0,15,29.76093697547913
130,best1bin,20,6.923350494788528,9.92494903104172,0.4470792009114749,0.0743269746417083,1.8535664536713643,13.36758784440326,60,0.0,15,30.20106196403503
131,best1bin,20,6.505070415799105,11.969805700949458,0.4648473977322149,0.0658292577603081,7.2657661021496684,27.06110914055364,60,0.0,15,31.375919818878177
132,best1bin,20,1.3811426884940907,8.605436667623671,0.2950630019256329,0.1657096804151929,3.866237584076483,13.345646459893434,60,0.0,15,30.283159971237183
133,best1bin,20,14.129503135100975,11.684811838943643,0.3256646582347269,0.0740621228066585,5.620464741813213,26.124438363826595,60,0.0,15,30.24179005622864
134,best1bin,20,0.9295839548963584,10.497543741580714,0.5972166705302964,0.1348365177629832,3.89185473839873,21.69199294816673,60,0.0,15,29.775020837783813
135,best1bin,20,17.329953139238,7.927591875115084,0.9874540922097076,0.2100792480528977,2.044135933892317,26.937831377170493,60,0.0,15,29.77464771270752
136,best1bin,20,8.862268199810229,10.351266744706088,0.7029937580088326,0.0429394682370438,5.05720489888724,25.04021311467945,60,0.0,15,29.780345916748047
137,best1bin,20,5.8353641076919995,7.384158072075273,0.2997147432952726,0.2010586058629824,6.012448356676604,15.570286838582966,60,0.0,15,29.800613164901733
138,best1bin,20,4.273975374470373,10.99194819126759,0.2800467925167653,0.082801027180517,15.123913593451563,27.211597820802982,60,0.0,15,29.69289803504944
139,best1bin,20,14.023598757018792,16.421669094360347,0.0543156057885687,0.0561628732125265,15.270214057736217,29.401523507628443,60,0.0,15,29.75539994239807
140,best1bin,20,8.238865593438891,11.44881620009037,0.1159083190009415,0.1174216633909812,10.53624774550562,20.46931929045775,60,0.0,15,30.166179180145264
141,best1bin,20,6.473955946288518,4.891451363536262,0.2729354933578249,0.1501176978132924,3.778711764745872,7.545383722140592,60,0.0,15,31.21743106842041
142,best1bin,20,10.68732153649789,9.491903373931407,0.8200319330948909,0.1306651604998193,2.3171215603578563,19.61030639194594,60,0.0,15,31.15630316734314
143,best1bin,20,5.0814465733947936,5.501921105695693,0.5332603787781248,0.1637998773918952,12.6477578326229,28.66259682863287,60,0.0,15,31.078989028930664
144,best1bin,20,9.125893890462008,8.809373949124826,0.5117721703463897,0.1822402834884284,4.269942853365377,28.45449534268557,60,0.0,15,31.178855180740356
145,best1bin,20,7.541373539085346,10.167473440916346,0.2842547700829256,0.0890750356420168,15.531360265149852,29.48840263250137,60,0.0,15,29.965548992156982
146,best1bin,20,10.496949892393967,10.424833756028889,0.3471784457295501,0.169589124692442,5.062767446779751,23.76896765210443,60,0.0,15,30.607654809951782
147,best1bin,20,8.885501794066702,6.740461337282213,0.3235905875401512,0.2080070221001932,7.878322665034479,29.106979374459463,60,0.0,15,30.44564414024353
148,best1bin,20,2.20972608330497,16.65783104832132,0.0663263089646727,0.0613775135332,6.968909136819947,28.02714727116743,60,0.0,15,29.976677894592285
149,best1exp,20,0.9718088766361744,3.912410834751,0.6266071995989756,0.1912849781993745,5.405289118020149,22.537929272544325,60,0.0,15,29.882009983062744
150,best1exp,20,1.0643852675683938,7.552632400686448,0.2226094329169168,0.0854403227891663,2.4442198805008584,6.311073235608699,60,0.0,15,29.97524380683899
151,best1exp,20,11.34237312850739,12.927840849874634,0.3583119661202936,0.1006571425199568,2.1125787280279553,21.377917224308273,60,0.0,15,30.034782886505127
152,best1exp,20,1.627498692253445,13.643883692506256,0.4531658492569726,0.0982456405795303,6.043114077635055,28.513316452278236,60,0.0,15,30.257396936416622
153,best1exp,20,10.641482029892764,10.45960915063634,0.1382750671899726,0.1387373553170147,11.06717725508634,23.9208029679142,60,0.0,15,30.023133039474487
154,best1exp,20,17.391816933068096,14.290128283985313,0.2988626934443378,0.1301079843017981,1.9294206853784903,28.94794368681366,60,0.0,15,30.82079815864563
155,best1exp,20,6.562847228923042,8.560271526133675,0.2483071883255459,0.1231601564355788,17.432495972228512,26.229688904961737,60,0.0,15,31.267417907714844
156,best1exp,20,8.9477091437871,9.934232023027429,0.2252147727030226,0.0770216648499679,9.05685075959398,21.430549560703632,60,0.0,15,29.950345993041992
157,best1exp,20,10.955624286649131,8.762095251965413,0.2915397890811954,0.1383104261113056,10.150056978151817,28.90771989438779,60,0.0,15,29.83942222595215
158,best1exp,20,10.419287806054673,7.202892528228567,0.4099808576118595,0.1021275392690411,6.014215091717428,20.948558216204347,60,0.0,15,29.85984516143799
159,best1exp,20,10.37119501905422,10.135658587602322,0.1974764470603454,0.1147661524905337,13.217542733505825,27.16907837468552,60,0.0,15,29.91377019882202
160,best1exp,20,7.642148997147507,10.410552533283235,0.8601708787740133,0.0572131756742995,1.9866351673375071,17.861737527279537,60,0.0,15,29.905292987823486
161,best1exp,20,12.762041948065384,9.89723627138418,0.7456718990094399,0.0546763562187213,3.7410744297944296,24.076421872907368,60,0.0,15,30.112024068832397
162,best1exp,20,1.9916095885393472,6.626683034124362,0.2091223222251799,0.2068505160075679,5.345687060653991,10.41687780643915,60,0.0,15,30.699772119522095
163,best1exp,20,9.363147203292186,6.588063046233572,0.5428601701257317,0.0501491739126321,2.474213807882201,11.33190424405774,60,0.0,15,30.165337085723877
164,best1exp,20,7.989271890378752,9.443546251530222,0.8405402379519064,0.0411741469755609,2.613390432219614,17.78328584455681,60,0.0,15,29.83387517929077
165,best1exp,20,5.566568321715563,9.879367398230997,0.3048797408349755,0.0834905050832404,9.271980626942986,21.08598571022719,60,0.0,15,29.95105814933777
166,best1exp,20,8.100904507767511,6.975655429566103,0.2748954004492286,0.2075406286309594,11.423815956198156,28.456047116050417,60,0.0,15,30.324503183364868
167,best1exp,20,9.476910967478732,10.319677919770854,0.3100354146507995,0.0788767115090869,10.26556852600986,26.643864601379757,60,0.0,15,29.95553708076477
168,best1exp,20,1.1626567181229124,8.685650893280588,0.3263517945009944,0.1562907044097462,7.184995866782755,17.30723788211322,60,0.0,15,30.10125994682312
169,randtobest1bin,20,14.198348813387264,3.5305403206027464,0.6819047492414356,0.2516950141749802,2.8833022007229,29.421088034750017,60,0.0,15,30.064943075180057
170,randtobest1bin,20,8.840393050426274,12.084356484615014,0.3578158311087888,0.0635983450257771,9.17093526875871,28.10966234529903,60,0.0,15,30.06068706512451
171,randtobest1bin,20,8.76571162118514,12.02806963139097,0.1532831093455236,0.1453967018068604,7.692369606955898,23.25581527450587,60,0.0,15,30.075380086898804
172,randtobest1bin,20,10.356910333811069,3.780906517884411,0.8394898405114405,0.1404139774709152,5.358376105054476,23.021638906733788,60,0.0,15,28.8296320438385
173,randtobest1bin,20,9.375613978475146,4.623328080264827,0.3725672621381297,0.2069269661492314,7.603563841722272,26.417250698261206,60,0.0,15,26.106961011886597
174,randtobest1bin,20,2.6349618110084565,9.625878078195171,0.5010291470655819,0.0521383476610632,7.109907343797542,21.85433681702115,60,0.0,15,25.945142030715942
175,randtobest1bin,20,8.43206693531555,8.891989158016791,0.3894301304165588,0.143068403927188,9.61964291926023,26.56416596833469,60,0.0,15,25.762522220611572
176,randtobest1bin,20,11.946528670572905,4.806094401137372,0.4652486954128445,0.1642761693126588,6.96088230886267,29.133091484851693,60,0.0,15,25.72133183479309
177,randtobest1bin,20,4.08545641359317,9.763095794786976,0.1219835358107095,0.1436817235957306,12.967388773905016,18.658286085863455,60,0.0,15,25.76279592514038
178,randtobest1bin,20,12.315688698787186,4.558725914863494,0.7272565377964156,0.3147264789074258,1.513114083270121,14.660058702751362,60,0.0,15,25.752058029174805
179,randtobest1bin,20,4.801373278990074,4.753807469604368,0.8397406239395463,0.1971828932437052,5.318614668840124,18.98933015242525,60,0.0,15,25.708158254623413
180,randtobest1bin,20,6.7287872339799275,7.530751086456256,0.176908866891191,0.1739464411677146,9.668207545944838,15.748529117947347,60,0.0,15,25.759005308151245
181,randtobest1bin,20,3.1829986766848997,10.8248748624209,0.5656712593972394,0.1320972921370761,6.283282492516601,26.03654277068746,60,0.0,15,25.67156219482422
182,randtobest1bin,20,1.3630873162279489,10.105792689574509,0.5868902158068661,0.0857488972795528,2.894241216148651,16.9102089242327,60,0.0,15,25.77150321006775
183,randtobest1bin,20,2.519193642634206,13.17314879124475,0.3719269875388845,0.0493751996571683,4.028872103591647,23.07233313567998,60,0.0,15,25.689836740493774
184,randtobest1bin,20,7.402354335689646,3.962262345233029,0.3138932067576357,0.1380581005796172,8.748105617961262,21.19233439964391,60,0.0,15,25.71493911743164
185,randtobest1bin,20,3.882339059502426,7.111662690304627,0.5258758257145943,0.1981260757284068,9.6119293616937,27.949055133450884,60,0.0,15,25.697095155715942
186,randtobest1bin,20,2.1217420217685863,3.3689360538769293,0.3605395883822621,0.2717477833613654,9.955625356166909,20.080060591093527,60,0.0,15,25.686322927474976
187,randtobest1bin,20,4.030805434622597,11.299987092773373,0.528987917100871,0.0897724423985949,6.266322588374037,24.411953647129153,60,0.0,15,25.65713381767273
188,randtobest1bin,20,3.765716798513456,13.691114154299797,0.2455869909240895,0.1240287863979578,6.796428463504146,28.161179980434586,60,0.0,15,25.704665184020996
189,randtobest1exp,20,5.775461263885861,9.760687415738444,0.4390262864605705,0.1418146934990503,2.8368928504411537,25.05363496219011,60,0.0,15,25.722723960876465
190,randtobest1exp,20,10.24118867259978,17.616020386575933,0.140974320520368,0.0625273297595718,3.277818722640074,29.816565831187244,60,0.0,15,25.869608163833615
191,randtobest1exp,20,3.110475705001856,5.783242236823902,0.7758262343235395,0.1947536605353831,6.0665551822924035,20.56605686920598,60,0.0,15,89.60379004478455
192,randtobest1exp,20,6.823365661048237,15.671878244020682,0.1568916386812439,0.0751627995256034,10.738863813631434,29.340737823479355,60,0.0,15,73.36846089363098
193,randtobest1exp,20,7.959946588839632,10.236275883492157,0.5118941381983815,0.1163698646511555,4.581026572073526,21.870756211120316,60,0.0,15,764.0760688781738
194,randtobest1exp,20,8.36854949436589,12.82574159871767,0.0589770849787674,0.0921839561798178,11.589259544789554,20.076965181001786,60,0.0,15,25.360280990600582
195,randtobest1exp,20,2.39861848281022,3.2760852371314755,0.297712464609249,0.2703223580580435,16.54209323524339,25.01336862538685,60,0.0,15,25.31334924697876
196,randtobest1exp,20,4.08704186861048,8.434697738419061,0.4232487464299119,0.173705651977097,9.440207118887354,26.266605268887133,60,0.0,15,26.05253505706787
197,randtobest1exp,20,5.076329225613388,7.1207483526451085,0.282328910551813,0.1625868103244899,19.637642031603768,27.50553348031753,60,0.0,15,25.666956186294556
198,randtobest1exp,20,15.074883591003251,5.10536338004588,0.6537823227200085,0.2491856699932232,2.199711181667155,15.017426537163344,60,0.0,15,25.386566877365112
199,randtobest1exp,20,10.9003651752836,12.722509301224411,0.2606388965885589,0.0670446877875439,7.951273446297394,26.37178572254749,60,0.0,15,25.94530487060547
200,randtobest1exp,20,6.163866818994061,9.44493699401415,0.1870409430809235,0.1708099928277833,11.081214360103289,20.544150361588343,60,0.0,15,25.983700037002563
201,randtobest1exp,20,9.329762532297172,9.602902296393552,0.632376732051819,0.0940197721087118,6.388617837725514,26.90072996853476,60,0.0,15,25.882177114486694
202,randtobest1exp,20,8.476593793993477,5.728666108543024,0.6391703519392568,0.0489812076456596,2.6300210063471843,10.720376244827047,60,0.0,15,26.26020121574402
203,randtobest1exp,20,15.961403100464516,3.874836857053331,0.6738942614476514,0.2983952431053979,2.3025774614773393,17.711125037077792,60,0.0,15,26.40559196472168
204,randtobest1exp,20,2.392079660153863,4.209341399691347,0.4650714608166492,0.2891663630187224,3.146264160897537,7.078606896456149,60,0.0,15,26.08036780357361
205,randtobest1exp,20,11.041451270628253,14.254857887265288,0.0890800454613036,0.1263656226540901,9.230494918093536,29.54157084647234,60,0.0,15,26.497583150863647
206,randtobest1exp,20,2.065339752357179,9.78585382701737,0.5365322709150133,0.1502959406772244,2.398198249601201,17.90991877523175,60,0.0,15,26.321243286132812
207,randtobest1exp,20,5.211213092518949,4.792610467043808,0.9315675012467854,0.2405140388168656,5.295311790412302,22.649333253753262,60,0.0,15,25.98790216445923
208,best1bin,20,18.717701222837636,22.060068209360917,0.1019482153926741,0.8403761092141933,4.158083373583671,5.120256328682084,6,0.0,10,116.23373484611513
209,best1bin,20,18.00301812976413,18.545397540670184,0.2787543114320283,0.5131031636995883,15.382761720013391,12.757286327420596,6,1.0,10,117.95153307914734
210,best1bin,20,9.97288793723638,30.29883413635272,0.6220787340037359,0.8917703355921326,4.4275262039026675,1.1363219828894184,6,0.0,10,120.09480500221252
211,best1bin,20,15.242151254557076,97.61521382733008,0.7989041501233272,0.7252159333449985,5.050529997484109,1.0007992559176166,6,0.0,10,120.74953389167786
212,best1bin,20,9.222131224089331,13.744277267082404,0.837773967836996,0.7669244406208501,17.626145540900232,7.068315361668146,6,1.0,10,119.47721815109252
213,best1bin,20,3.411473484823256,5.188609788451231,0.4631854018632452,0.7874724894083045,8.125482313785762,3.824290919232112,6,0.0,10,116.297593832016
214,best1bin,20,5.41894337295381,8.234083964158643,0.5056179407694176,0.9321058754632048,9.823362900198523,2.7746293241818503,6,0.0,10,117.63432884216309
215,best1bin,20,12.35291789356162,23.30794259078044,0.5671119510152086,0.8211586553583807,1.978841114414548,1.7442596488517434,6,0.0,10,120.16216492652892
216,best1bin,20,18.232301011313297,25.46623690072075,0.0900173469887636,0.7289763905950146,3.807555640667184,1.272233369046006,6,0.0,10,120.38089179992676
217,best1bin,20,5.013296009288505,2.8936194383872547,0.0644894507882445,0.4437229620605663,11.891280305904989,24.883224361714788,6,0.0,10,118.45000290870668
218,best1bin,20,15.020080427370209,24.243368419361698,0.6571799781489157,0.909402453420117,2.763701829589367,2.657361183684877,6,0.0,10,123.1460177898407
219,best1bin,20,1.486003008846346,6.5353579676256075,0.9812792758781228,0.9278478118071996,7.095253573696895,2.093061646563804,6,0.0,10,121.66281318664552
220,best1bin,20,11.85606261785736,17.4739018476579,0.4452247257373458,0.7947891492980848,4.788603269520937,3.292403452251266,6,0.0,10,119.57168292999268
221,best1bin,20,9.744756033079398,13.831608907471733,0.4263011750577691,0.9688858625576016,11.793479560070624,5.827405379631589,6,0.0,10,117.54670405387878
222,best1bin,20,5.859978849162178,10.327349958995086,0.5745778280212874,0.7566360583165255,6.1532136799444155,1.4680305729967564,6,0.0,10,120.99492979049684
223,best1bin,20,2.6426189013504926,0.8552173199997952,0.403928336157801,0.9337708081187912,5.1935989619691085,1.5033972628060113,6,0.0,10,120.13909769058228
224,best1bin,20,15.84747414856166,30.40012477472538,0.3637458473084942,0.4910895879459838,2.894322248763415,1.990094004557564,6,0.0,10,121.99997305870056
225,best1bin,20,12.673780707818072,21.0222618058546,0.6270175495330945,0.9289772104316474,2.46574873392089,2.300337250205798,6,0.0,10,119.2628128528595
226,best1bin,20,9.313112136535244,7.568949180698695,0.0428553827318467,0.5813915716959133,2.8743089360752467,1.7057206515563852,6,0.0,10,120.9709210395813
227,best1bin,20,1.7504086646560602,0.8418505348742258,0.4308081959546648,0.9233754798390106,7.5238976444031245,3.2074732317808063,6,0.0,10,122.85860586166382
228,best1bin,20,12.013980659408984,19.940644287136724,0.4198029696710603,0.9638401435607776,5.0073387970295995,2.6936166201445655,6,0.0,10,150.90892004966736
229,best1bin,20,9.001814860545512,20.549943761974895,0.65269798058633,0.7411732727916203,6.587421144009515,2.726487176539912,6,0.0,10,149.8820779323578
230,best1bin,20,16.55488821012535,72.27599144379789,0.4365482678052323,0.6814498853348383,5.078648843306909,1.2269708325369957,6,0.4444442391395569,10,150.63404083251953
231,best1bin,20,6.268679116484518,15.543341004208491,0.9549419964891253,0.3691688286245129,4.39946036350134,1.8621329942367384,6,0.0,10,151.9041349887848
232,best1bin,20,19.209832672382277,53.42116272622199,0.2840801926132285,0.9220026556648347,4.859162310991776,1.3018267624929436,6,0.0,10,151.07854104042053
233,best1bin,20,17.750912677910854,29.708672999333743,0.3864039899286086,0.4769153153054443,5.149501344123976,2.9616987764788014,6,0.0,10,152.49671506881714
234,best1bin,20,13.422096180803774,16.62819995513744,0.3648309185220022,0.8670707698449632,13.831767984543156,7.256192689423237,6,0.0,10,150.0762758255005
235,best1bin,20,4.277379550777406,15.51488546766936,0.83871212648517,0.5169877849421389,5.7063769207001425,1.7131295755007407,6,0.0,10,150.31685495376587
236,best1bin,20,13.665953623968342,28.524548902754574,0.3227700962809974,0.3453765142979966,2.93686390077011,1.3533926720987246,6,0.0,10,151.68657684326172
237,best1bin,20,12.514752228611943,38.336585636078865,0.928241969196399,0.8153671601669067,6.747270044592801,2.3681237333901812,6,0.0,10,148.26541185379028
238,best1bin,20,17.381800613004028,66.05823660538042,0.8522109712118006,0.7599961617500287,4.858137726304497,1.5293434702643616,6,0.0,10,148.9717559814453
239,best1bin,20,8.927730521119912,9.67447004496016,0.4052070990278665,0.7745943836410493,5.993299410551708,1.3009386076883267,6,0.0,10,148.85640406608582
240,best1bin,20,2.7742726680149,1.6746429594423304,0.562738323617332,0.8493111158182051,6.755558434498678,2.0113741321162344,6,0.0,10,149.5360782146454
241,best1bin,20,3.7921565258938728,8.836617029570284,0.511503627281777,0.9359292852350564,10.208212257816108,3.868798010082413,6,0.0,10,147.86278986930847
242,best1bin,20,11.927872126388866,13.415287137353651,0.0495191738449186,0.8916750997514455,5.107517506438088,4.230017349159695,6,0.0,10,147.36595797538757
243,best1bin,20,11.520761881534622,34.23662550855154,0.7864586272641543,0.9318074229173898,8.190858729985443,2.3188016378510383,6,0.0,10,147.12337493896484
244,best1bin,20,7.1263542819768375,23.65600027325032,0.8414506793548545,0.9923807365673556,8.41298069783453,2.1666848148515676,6,0.0,10,149.1505720615387
245,best1bin,20,12.58826503996799,21.902963614442225,0.4418521151564704,0.950134763021166,2.278375828779657,1.96145847466312,6,0.0,10,148.02221393585205
246,best1bin,20,4.587704019693733,5.236240003812334,0.5528182428426951,0.2853818766460939,3.7144126637571375,1.7739421354683351,6,0.0,10,145.47584104537964
247,best1bin,20,10.024057211845395,22.56322497343666,0.6517024736113879,0.6203943843917703,4.737981848470006,2.067077256251425,6,0.0,10,146.9259169101715
248,best1bin,20,13.429172454508024,12.251806043577751,0.1892575123348043,0.640409904739693,17.85303051445401,25.117104144684394,6,1.777778148651123,10,146.95276713371277
249,best1bin,20,14.97551055038154,33.95042001891429,0.2948911792541148,0.3272381081518051,2.5296039275275675,1.3426432428748782,6,0.0,10,147.5363461971283
250,best1bin,20,12.932472858348698,15.993360672276957,0.3864359105519596,0.7311590150127111,5.299701972594286,1.0496036646418323,6,0.0,10,149.0644028186798
251,best1bin,20,10.351765604467143,17.90190197797906,0.7847825973805307,0.782771588326576,17.980898795801764,6.104896665878423,6,0.4444442391395569,10,149.73531007766724
252,best1bin,20,18.48778783811653,66.4057568334194,0.5328658788201929,0.5116809891432855,2.9478682466233925,1.2105543840545767,6,0.0,10,147.9866020679474
253,best1bin,20,9.841117037485544,12.594196214355923,0.2718136098945397,0.8707038957243286,7.400080541301431,3.7305077688778816,6,0.0,10,148.73268008232117
254,best1bin,20,9.957864958712952,23.39227377822581,0.958282347235564,0.9214121202416016,4.99637256150572,2.520458767327927,6,0.0,10,148.67526292800903
255,best1bin,20,13.18379573567448,22.306304579091204,0.5855991834802513,0.9157096851142834,11.76389375775138,4.655500560356691,6,0.0,10,148.69123888015747
256,best1bin,20,19.12744406239198,6.669450397454277,0.7593865020943975,0.9124387287951344,5.060066773120479,2.741826932341983,10,0.0,10,148.35183811187744
257,best1bin,20,14.411777085392307,6.892907813612261,0.3082581741243563,0.7919155280102967,6.14474045060115,4.435921943516574,10,0.0,10,148.13702130317688
258,best1bin,20,10.591355227114136,5.677238629503982,0.0233444882140692,0.9180781366046942,4.470089999821612,8.471170648974716,10,0.0,10,146.93765091896057
259,best1bin,20,9.425007008243243,5.97708471805953,0.8704313433445006,0.4028054560957013,5.448877823221006,6.437582536425625,10,0.0,10,148.34722709655762
260,best1bin,20,13.66202589011712,8.10610666525654,0.2341984432180952,0.906260575570386,3.5744826185095366,23.34679964769778,10,0.0,10,151.78049397468567
261,best1bin,20,16.31628680231511,8.645970878183306,0.8361516733903479,0.7889139193388344,5.5884555771826365,3.2164269377267907,10,0.0,10,149.61117482185364
262,best1bin,20,12.74002845083916,10.466550935131032,0.0892662873393951,0.5047049525746485,14.253319211756452,25.453569974957993,10,0.0,10,147.794086933136
263,best1bin,20,10.9460485886444,11.026540488486738,0.9605528980113436,0.7655392528214684,15.125276006949084,5.7002290738796955,10,0.0,10,148.53805589675903
264,best1bin,20,13.347609979656692,10.720105340876168,0.4862136468145292,0.5804963123558521,13.688929595995578,13.99990559287538,10,0.0,10,148.72828125953674
265,best1bin,20,12.334992316940603,8.910913013951344,0.2627760827917587,0.6551715914262413,7.214110655953455,8.20411995666619,10,0.0,10,148.26086401939392
266,best1bin,20,18.18232820605206,14.326870048010342,0.9272933928778913,0.9200104106429196,4.395175389297995,2.6883927249395096,10,0.0,10,148.38985013961792
267,best1bin,20,11.129813464410198,8.109314666178534,0.4892231745161204,0.7716518136188334,13.695123714184044,13.953181929373947,10,0.0,10,146.7466950416565
268,best1bin,20,14.896407881242212,4.546985710613768,0.6659283180363584,0.9315382359605376,12.532997599099115,4.118919223462836,10,0.0,10,161.38669395446777
269,best1bin,20,19.566325418726933,15.353760801554609,0.0659127551157613,0.7749664177734636,12.611352643050248,22.608658390101585,10,0.0,10,147.09805989265442
270,best1bin,20,5.793822786202594,2.019899741540762,0.5651472206716202,0.8588107697953117,13.29334854273934,12.233973817128032,10,0.0,10,146.53207898139954
271,best1bin,20,19.4800075401767,16.13028334050143,0.1695328832737623,0.9221509824464916,11.272216313681817,12.571857866685129,10,0.0,10,147.25588512420654
272,best1bin,20,6.999145644116817,0.697397464203533,0.1304717189253493,0.7255759650622854,8.405811264769804,25.11231631066707,10,0.0,10,148.16390085220337
273,best1bin,20,9.747481069654626,6.2147251415250295,0.3156098908946201,0.7386450754773078,17.917419216086504,25.375692475704547,10,0.0,10,146.30902576446533
274,best1bin,20,10.89920047296384,7.62927340290328,0.3229384682141787,0.8424796307828774,6.882482049566856,16.2253748192267,10,0.0,10,149.4909589290619
275,best1bin,20,6.9407617755996425,1.387327460408109,0.0134983986339926,0.5290298871968601,2.6525808610437815,8.522332760585204,10,0.0,10,148.8916039466858
276,best1bin,20,12.440919688027147,8.984184533002463,0.2966527290808036,0.440050609973563,13.895623537512988,24.898709925354552,10,0.0,10,148.2056839466095
277,best1bin,20,9.174615491853114,5.588317766926309,0.73236673959461,0.8862900569650978,5.486889497137867,7.549020098407907,10,0.0,10,147.36671805381775
278,best1bin,20,9.751650414781372,6.552819430802977,0.276671505388464,0.5852193809327669,9.363092852598845,28.494841532299887,10,0.0,10,146.12523221969604
279,best1bin,20,16.275839403628908,14.634566758569122,0.3011768194789735,0.6935282997800853,4.47583354067459,6.8868691807908995,10,0.0,10,146.65327715873718
280,best1bin,20,14.837841116830807,11.304600012787937,0.3131460550304769,0.5494722110092617,10.1963817390607,9.764885130285116,10,0.0,10,146.58570194244385
281,best1bin,20,10.293246960922335,7.547076202972697,0.6550613660828846,0.8515664893796167,16.056922882199757,8.35716436710355,10,0.0,10,146.63525295257568
282,best1bin,20,14.711239669468489,12.26802336261094,0.5295790502871086,0.7696197635133326,9.847201951866577,9.279210559174476,10,0.0,10,149.0724229812622
283,best1bin,20,17.340561512198345,14.94015572319512,0.5068556372691727,0.8187965214656647,14.052114147810755,13.737189752721074,10,0.0,10,152.96061992645264
284,best1bin,20,13.877490576443144,6.888661116841462,0.0641051595023207,0.301210197361559,5.461147725114676,14.874072421627403,20,0.0,10,149.8503439426422
285,best1bin,20,14.362344591299795,3.031994027952152,0.2016025333319642,0.3849926811234892,1.6920097380496912,5.584473155725142,20,0.0,10,148.81817293167114
286,best1bin,20,16.168679912792662,0.9819800242407624,0.2910824335430264,0.5788291486120658,10.446678097687592,24.201751932887547,20,0.0,10,150.89767980575562
287,best1bin,20,15.768560062095206,8.009134507640297,0.1353358992226053,0.3208205064123367,3.4394360633827867,9.62729000898656,20,0.0,10,146.95612502098083
288,best1bin,20,11.496402971195582,1.92306540221945,0.4546632966123894,0.7814443874805743,7.0217930264787505,17.578873839763514,20,0.0,10,148.709538936615
289,best1bin,20,17.765029840833343,1.5138423219699817,0.8209299851729543,0.7262053985371427,4.300918120760177,7.291098318345739,20,0.0,10,146.29572987556458
290,best1bin,20,11.948670203419562,4.836261367987426,0.2301635740075079,0.2307356651224755,1.7547514198315142,16.90988351914317,20,0.0,10,150.86035919189453
291,best1bin,20,16.48617010107234,5.387708281600446,0.472988788400376,0.7016645929471657,1.198468364893964,18.623141711375336,20,0.0,10,148.0356888771057
292,best1bin,20,17.65308699931419,4.407647308840019,0.6678823209333276,0.9298368637329936,6.9006420775634885,10.964683940268069,20,0.0,10,151.7451889514923
293,best1bin,20,16.901100699743516,5.951302279572879,0.6197290287421056,0.6857104851877027,11.686012250260212,26.7251442913156,20,0.0,10,146.6246280670166
294,best1bin,20,15.807908106818113,5.583332294807278,0.812374230175956,0.7446475286657392,5.998941934552155,12.228826798253936,20,0.4444435834884643,10,146.02515721321106
295,best1bin,20,16.869023255031706,2.5816630922824046,0.5785208926433649,0.8931774331921092,6.905441445576006,12.19898312894922,20,0.0,10,147.07541298866272
296,best1bin,20,14.63420888077462,6.138366067421863,0.247112143844526,0.4772272195338397,6.559997876261776,16.987278886777627,20,0.0,10,147.45093822479248
297,best1bin,20,17.39718377754849,7.55629825968672,0.5001937062162183,0.9086897864187116,6.12809938828882,25.03444074562976,20,0.0,10,146.40568590164185
298,best1bin,20,17.72579871074694,9.859749630150766,0.086151669855066,0.9844211632490728,2.008993504979541,11.463810772169207,20,0.0,10,149.57167720794678
299,best1bin,20,11.121724843587296,0.9114499843362084,0.5900883028374679,0.805924299655561,3.9032285702900578,16.20710850859284,20,0.0,10,148.25929498672485
300,best1bin,20,16.085024300746536,4.850997966447437,0.7434898037100401,0.913083043449127,5.479766263335552,15.819123211528687,20,0.0,10,146.84998774528503
301,best1bin,20,16.902472751032846,2.206878922850379,0.8903997259568235,0.8916939167178809,7.732663710151812,11.316265517540788,20,0.0,10,144.5348539352417
302,best1bin,20,16.80481829771915,1.7879413739759684,0.2737853987597913,0.5878140623892787,10.754028066325692,23.676458743139396,20,0.0,10,145.62579703330994
303,best1bin,20,16.562691749091677,5.211729276917609,0.4114823176180013,0.5684255713647324,1.2647948323656415,24.65349868105141,20,0.0,10,145.56443190574646
304,best1bin,20,17.644144537061877,4.624698009942499,0.2371999026086002,0.6372037550251347,3.3489615727747983,8.39848791360195,20,0.0,10,145.91012501716614
305,best1bin,20,15.937432883648402,3.0718528593783603,0.3051197548009901,0.4590280848156243,4.8685345921375935,9.678988781353176,20,0.0,10,145.60673999786377
306,best1bin,20,12.621659687254136,3.6595664033524287,0.4074462365226174,0.6200387445602947,2.737712195376859,12.495418656765104,20,0.0,10,147.23596167564392
307,best1bin,20,16.463147848359707,1.5166126182263326,0.3151611667051605,0.7491970829682308,4.833796839844294,11.16397949474987,20,0.0,10,147.21063089370728
308,best1bin,20,11.205710800095678,1.030227492521249,0.5380441043099248,0.6401662874087674,5.458528289375421,13.106501423258152,20,0.0,10,148.9609410762787
309,best1bin,20,9.75555941140632,2.2644922701686383,0.1795979105349511,0.1613378584638792,6.2107995874911435,17.71557768141477,20,0.0,10,148.39530897140503
310,best1bin,20,13.570084871125768,2.5479752046849313,0.7142598314905457,0.6603717603041284,4.709497511350478,10.711317897688591,20,0.0,10,154.70908117294312
