,a,b,c,ep_delta,ep_eta,ep_alpha,ep_beta,ep_ujump,ep_input,ip_delta,ip_eta,ip_alpha,ip_beta,ip_ujump,ip_input,cp_ee,cp_ii,cp_ie,cp_ei,sp_ge,sp_gi,sp_sejump,sp_sijump,sp_reve,sp_revi,sp_tause,sp_tausi,f_target,fmax_MPR_exc,fmax_SNN_exc,error_freq_exc,fmax_MPR_inh,fmax_SNN_inh,error_freq_inh,parameter_set_file,param_ID,fitness
0,0.04,5.0,140.0,0.616875570975554,11.76132349117006,0.02,0.2,8,0,0.946916841707123,9.677008256734156,0.1,0.2,2,0,0.8,0.2,0.2,0.8,17.54882103690427,7.636924992444107,0.8,1.2,0,-80,5,5,10,9.999954693319076,9.0,9.999546933190755,9.999954693319076,9.0,9.999546933190755,optimized_frequencies,20,0.0
1,0.04,5.0,140.0,0.6821846416052479,6.763390050516669,0.02,0.2,8,0,0.8046538108971244,0.5940313118381866,0.1,0.2,2,0,0.8,0.2,0.2,0.8,5.969783849331352,4.700364328096136,0.8,1.2,0,-80,5,5,10,9.999917390873344,11.0,-10.000826091266577,9.999917390873344,11.0,-10.000826091266577,optimized_frequencies,21,0.0
2,0.04,5.0,140.0,0.5327487072689888,15.655932674538658,0.02,0.2,8,0,0.7464561609019338,13.523277748151983,0.1,0.2,2,0,0.8,0.2,0.2,0.8,6.985472897999423,7.598410295235843,0.8,1.2,0,-80,5,5,10,9.999922553263993,12.0,-20.00077446736007,9.999922553263993,12.0,-20.00077446736007,optimized_frequencies,22,0.0
3,0.04,5.0,140.0,0.1018016531905137,15.29402354870798,0.02,0.2,8,0,0.911498583941544,8.8489193463206,0.1,0.2,2,0,0.8,0.2,0.2,0.8,17.492378411082058,27.946651546210845,0.8,1.2,0,-80,5,5,10,9.999984319259868,8.0,19.99984319259868,9.999984319259868,8.0,19.99984319259868,optimized_frequencies,23,0.0
4,0.04,5.0,140.0,0.3098665683877013,5.958092928722336,0.02,0.2,8,0,0.556513214819208,1.3604374761402411,0.1,0.2,2,0,0.8,0.2,0.2,0.8,16.85718023764662,12.84799243776385,0.8,1.2,0,-80,5,5,10,9.999973537202724,9.0,9.99973537202724,9.999973537202724,9.0,9.99973537202724,optimized_frequencies,24,0.0
5,0.04,5.0,140.0,0.3472576995849422,17.32556591828293,0.02,0.2,8,0,0.8637291856814905,12.048779245253073,0.1,0.2,2,0,0.8,0.2,0.2,0.8,4.37258992005532,3.701501138140325,0.8,1.2,0,-80,5,5,10,9.999896793370006,11.0,-10.001032066299942,9.999896793370006,11.0,-10.001032066299942,optimized_frequencies,25,0.0
6,0.04,5.0,140.0,0.2858895031883215,6.183542166217521,0.02,0.2,8,0,0.9265684263340422,2.360434518171836,0.1,0.2,2,0,0.8,0.2,0.2,0.8,16.610892068325555,27.31054366320231,0.8,1.2,0,-80,5,5,10,9.999963921840274,8.0,19.999639218402745,9.999963921840274,8.0,19.999639218402745,optimized_frequencies,26,0.0
7,0.04,5.0,140.0,0.3711137999908763,7.665358535719545,0.02,0.2,8,0,0.6996208224178595,4.818082615132333,0.1,0.2,2,0,0.8,0.2,0.2,0.8,7.010180979596944,11.27341069081471,0.8,1.2,0,-80,5,5,10,9.999932894012804,12.0,-20.000671059871955,9.999932894012804,12.0,-20.000671059871955,optimized_frequencies,27,0.0
8,0.04,5.0,140.0,0.5418593998863653,12.020041085288993,0.02,0.2,8,0,0.7779594242123368,8.33804367064947,0.1,0.2,2,0,0.8,0.2,0.2,0.8,18.962650016195223,11.480619525741336,0.8,1.2,0,-80,5,5,10,9.999956060759182,9.0,9.999560607591818,9.999956060759182,9.0,9.999560607591818,optimized_frequencies,28,0.0
9,0.04,5.0,140.0,0.5592949250702793,9.659603815566308,0.02,0.2,8,0,0.925137403629137,1.1631347599284825,0.1,0.2,2,0,0.8,0.2,0.2,0.8,8.797615135862424,5.167455434507737,0.8,1.2,0,-80,5,5,10,9.999929068456034,11.0,-10.000709315439664,9.999929068456034,11.0,-10.000709315439664,optimized_frequencies,29,0.0
10,0.04,5.0,140.0,0.6447489912693554,8.296294960153325,0.02,0.2,8,0,0.718652365369955,3.922478176345905,0.1,0.2,2,0,0.8,0.2,0.2,0.8,6.960921339224799,4.930786011695233,0.8,1.2,0,-80,5,5,10,9.999941110306285,10.0,-0.0005888969371525,9.999941110306285,10.0,-0.0005888969371525,optimized_frequencies,30,0.0
11,0.04,5.0,140.0,0.0551856911877938,10.196925487616308,0.02,0.2,8,0,0.9634914528607336,6.234637638906413,0.1,0.2,2,0,0.8,0.2,0.2,0.8,5.905774165705782,12.946505482614503,0.8,1.2,0,-80,5,5,10,9.999983336332791,10.0,-0.0001666366720698,9.999983336332791,10.0,-0.0001666366720698,optimized_frequencies,31,0.0
12,0.04,5.0,140.0,0.3252187933171289,8.10914078976328,0.02,0.2,8,0,0.5213099130299407,5.1183634350321725,0.1,0.2,2,0,0.8,0.2,0.2,0.8,8.030723702104222,8.968511314797604,0.8,1.2,0,-80,5,5,10,9.999957390781924,11.0,-10.000426092180774,9.999957390781924,11.0,-10.000426092180774,optimized_frequencies,32,0.0
13,0.04,5.0,140.0,0.7212849986952762,17.583410900478498,0.02,0.2,8,0,0.6437048281696509,14.775200584823304,0.1,0.2,2,0,0.8,0.2,0.2,0.8,3.216051040427038,3.0550838445895714,0.8,1.2,0,-80,5,5,10,9.99985583715365,11.0,-10.001441628463503,9.99985583715365,11.0,-10.001441628463503,optimized_frequencies,33,0.0
14,0.04,5.0,140.0,0.8729935096298316,15.179253676254964,0.02,0.2,8,0,0.6969666947505523,12.1215306174523,0.1,0.2,2,0,0.8,0.2,0.2,0.8,3.267495261939607,4.82597353823534,0.8,1.2,0,-80,5,5,10,9.999882325253,12.0,-20.00117674746999,9.999882325253,12.0,-20.00117674746999,optimized_frequencies,34,0.0
15,0.04,5.0,140.0,0.2538087637562567,10.600970226752006,0.02,0.2,8,0,0.4874063968209933,7.669738799967334,0.1,0.2,2,0,0.8,0.2,0.2,0.8,13.592603923177853,22.189570920566062,0.8,1.2,0,-80,5,5,10,9.999967924352791,9.0,9.999679243527932,9.999967924352791,9.0,9.999679243527932,optimized_frequencies,35,0.0
16,0.04,5.0,140.0,0.6968881233636476,14.616679418442825,0.02,0.2,8,0,0.6557790580651542,2.6752488175308216,0.1,0.2,2,0,0.8,0.2,0.2,0.8,5.552249141689255,3.00365169721381,0.8,1.2,0,-80,5,5,10,9.999941008170367,11.0,-10.000589918296328,9.999941008170367,11.0,-10.000589918296328,optimized_frequencies,36,0.0
17,0.04,5.0,140.0,0.4784020313054449,11.200985030429909,0.02,0.2,8,0,0.8149785841202781,7.338534417781659,0.1,0.2,2,0,0.8,0.2,0.2,0.8,6.445828259306816,5.156986752724512,0.8,1.2,0,-80,5,5,10,9.999917915042069,10.0,-0.0008208495793127,9.999917915042069,10.0,-0.0008208495793127,optimized_frequencies,37,0.0
18,0.04,5.0,140.0,0.4000662201292396,13.580901095533315,0.02,0.2,8,0,0.7827797822107014,8.798392992715847,0.1,0.2,2,0,0.8,0.2,0.2,0.8,13.381612124585684,7.89511584327211,0.8,1.2,0,-80,5,5,10,9.999971805650713,10.0,-0.0002819434928902,9.999971805650713,10.0,-0.0002819434928902,optimized_frequencies,38,0.0
19,0.04,5.0,140.0,0.2758018739567789,12.565175179816906,0.02,0.2,8,0,0.8768352354002041,10.727315007717891,0.1,0.2,2,0,0.8,0.2,0.2,0.8,10.713528441195455,14.153699500611282,0.8,1.2,0,-80,5,5,10,9.999970219659788,11.0,-10.000297803402116,9.999970219659788,11.0,-10.000297803402116,optimized_frequencies,39,0.0
20,0.04,5.0,140.0,0.0220726843298517,10.59358825494602,0.02,0.2,8,0,0.4329601473864312,8.082744898278072,0.1,0.2,2,0,0.8,0.2,0.2,0.8,5.342897430522498,10.489345823739727,0.8,1.2,0,-80,5,5,10,9.99998394536286,13.0,-30.00016054637141,9.99998394536286,13.0,-30.00016054637141,optimized_frequencies,61,0.0
21,0.04,5.0,140.0,0.1725027276276826,10.815369907370629,0.02,0.2,8,0,0.8542807187667438,6.130523741165874,0.1,0.2,2,0,0.8,0.2,0.2,0.8,14.634836129790529,28.90567260994432,0.8,1.2,0,-80,5,5,10,9.999965179603604,7.0,29.99965179603604,9.999965179603604,7.0,29.99965179603604,optimized_frequencies,62,0.0
22,0.04,5.0,140.0,0.3781570385732399,4.97262346407368,0.02,0.2,8,0,0.979876074251373,1.5520968550691308,0.1,0.2,2,0,0.8,0.2,0.2,0.8,6.09737094501694,9.359577874399818,0.8,1.2,0,-80,5,5,10,9.99992188110304,17.0,-70.0007811889696,9.99992188110304,8.0,19.9992188110304,optimized_frequencies,63,0.0
23,0.04,5.0,140.0,0.1419934298065019,18.63821977611865,0.02,0.2,8,0,0.4940367116045375,15.780023270984536,0.1,0.2,2,0,0.8,0.2,0.2,0.8,13.820904069649544,25.311095041542103,0.8,1.2,0,-80,5,5,10,9.99997279644395,12.0,-20.000272035560496,9.99997279644395,12.0,-20.000272035560496,optimized_frequencies,64,0.0
24,0.04,5.0,140.0,0.3056630127583217,9.233525182127837,0.02,0.2,8,0,0.6385072178104364,1.7961092088529045,0.1,0.2,2,0,0.8,0.2,0.2,0.8,7.901642104757897,6.265837136359632,0.8,1.2,0,-80,5,5,10,9.999967388893962,12.0,-20.000326111060375,9.999967388893962,12.0,-20.000326111060375,optimized_frequencies,65,0.0
25,0.04,5.0,140.0,0.2999865531695212,5.098861531348186,0.02,0.2,8,0,0.6492331122331565,1.1605462138371436,0.1,0.2,2,0,0.8,0.2,0.2,0.8,16.269752462863984,28.731880616835085,0.8,1.2,0,-80,5,5,10,9.999965412165924,7.0,29.99965412165924,9.999965412165924,7.0,29.99965412165924,optimized_frequencies,66,0.0
26,0.04,5.0,140.0,0.1181107412450059,9.357782182857672,0.02,0.2,8,0,0.8196185558661473,2.187742927493161,0.1,0.2,2,0,0.8,0.2,0.2,0.8,7.8139676330901775,9.300903849619916,0.8,1.2,0,-80,5,5,10,9.999982703121567,9.0,9.999827031215672,9.999982703121567,9.0,9.999827031215672,optimized_frequencies,67,0.0
27,0.04,5.0,140.0,0.2522628436466728,12.15945929949741,0.02,0.2,8,0,0.9184561481204462,7.120176066129744,0.1,0.2,2,0,0.8,0.2,0.2,0.8,14.763501309060814,11.401806742492363,0.8,1.2,0,-80,5,5,10,9.999977890291628,9.0,9.999778902916283,9.999977890291628,9.0,9.999778902916283,optimized_frequencies,68,0.0
28,0.04,5.0,140.0,0.3225738456120354,14.82589750206226,0.02,0.2,8,0,0.6474212887455695,11.136192699521786,0.1,0.2,2,0,0.8,0.2,0.2,0.8,15.229233956205809,12.89284402905202,0.8,1.2,0,-80,5,5,10,10.000000000000002,11.0,-9.999999999999982,10.000000000000002,11.0,-9.999999999999982,optimized_frequencies,69,0.0
29,0.04,5.0,140.0,0.1357157672606629,10.200872364461157,0.02,0.2,8,0,0.7323033157084134,4.59973002675909,0.1,0.2,2,0,0.8,0.2,0.2,0.8,4.928705382110295,25.489271748022546,0.8,1.2,0,-80,5,5,10,9.999960954734824,9.0,9.999609547348244,9.999960954734824,9.0,9.999609547348244,optimized_frequencies,70,0.0
30,0.04,5.0,140.0,0.7676809287375934,18.057625469122065,0.02,0.2,8,0,0.9557219506206464,17.461961044480034,0.1,0.2,2,0,0.8,0.2,0.2,0.8,11.22823573617966,6.923355310812573,0.8,1.2,0,-80,5,5,10,9.999929455253469,10.0,-0.0007054474653322,9.999929455253469,10.0,-0.0007054474653322,optimized_frequencies,71,0.0
31,0.04,5.0,140.0,0.8880299026963947,10.07403062240008,0.02,0.2,8,0,0.85269778590254,4.585915316030508,0.1,0.2,2,0,0.8,0.2,0.2,0.8,8.49284970611651,3.9081065668971817,0.8,1.2,0,-80,5,5,10,9.999943008252403,10.0,-0.0005699174759499,9.999943008252403,10.0,-0.0005699174759499,optimized_frequencies,72,0.0
32,0.04,5.0,140.0,0.4562006993687356,7.091779185472697,0.02,0.2,8,0,0.6230591470782837,2.287270513660061,0.1,0.2,2,0,0.8,0.2,0.2,0.8,19.98211455935894,14.805891116189956,0.8,1.2,0,-80,5,5,10,9.999958931394897,9.0,9.999589313948947,9.999958931394897,9.0,9.999589313948947,optimized_frequencies,73,0.0
33,0.04,5.0,140.0,0.3638600891930852,18.969302027006005,0.02,0.2,8,0,0.728813840710524,16.20915313962937,0.1,0.2,2,0,0.8,0.2,0.2,0.8,10.559793711630576,7.846974962668866,0.8,1.2,0,-80,5,5,10,9.999970167776423,10.0,-0.0002983222357499,9.999970167776423,10.0,-0.0002983222357499,optimized_frequencies,74,0.0
34,0.04,5.0,140.0,0.4084650991651038,17.680670437088366,0.02,0.2,8,0,0.8822299592591472,15.400879695645216,0.1,0.2,2,0,0.8,0.2,0.2,0.8,11.495778081971958,12.52243248203498,0.8,1.2,0,-80,5,5,10,9.999957616882044,10.0,-0.0004238311795745,9.999957616882044,10.0,-0.0004238311795745,optimized_frequencies,75,0.0
35,0.04,5.0,140.0,0.5128436425583681,11.832939470697966,0.02,0.2,8,0,0.8945628080968215,9.56939026000829,0.1,0.2,2,0,0.8,0.2,0.2,0.8,7.108913390273777,8.465564688289184,0.8,1.2,0,-80,5,5,10,9.999914863185138,11.0,-10.00085136814862,9.999914863185138,11.0,-10.00085136814862,optimized_frequencies,76,0.0
36,0.04,5.0,140.0,0.215409934897938,13.595978801216429,0.02,0.2,8,0,0.5068411775424237,10.286348401417229,0.1,0.2,2,0,0.8,0.2,0.2,0.8,7.73463182727815,10.424397375852289,0.8,1.2,0,-80,5,5,10,9.999971572334196,11.0,-10.000284276658054,9.999971572334196,11.0,-10.000284276658054,optimized_frequencies,77,0.0
37,0.04,5.0,140.0,0.1483863977913683,9.906000035814872,0.02,0.2,8,0,0.5703196390586295,7.05295859035796,0.1,0.2,2,0,0.8,0.2,0.2,0.8,11.360197105391102,26.99717507254715,0.8,1.2,0,-80,5,5,10,9.999963016383742,9.0,9.999630163837416,9.999963016383742,9.0,9.999630163837416,optimized_frequencies,78,0.0
38,0.04,5.0,140.0,0.2622097740806373,10.149404327698818,0.02,0.2,8,0,0.6884833111015192,4.901755081816859,0.1,0.2,2,0,0.8,0.2,0.2,0.8,13.294782077268913,12.747599727365465,0.8,1.2,0,-80,5,5,10,9.999977706239578,11.0,-10.000222937604216,9.999977706239578,11.0,-10.000222937604216,optimized_frequencies,79,0.0
39,0.04,5.0,140.0,0.2169259073952051,5.022663451860709,0.02,0.2,8,0,0.741069283470644,0.5413774289793523,0.1,0.2,2,0,0.8,0.2,0.2,0.8,14.513482418931456,17.623128957810668,0.8,1.2,0,-80,5,5,10,9.999977171712096,15.0,-50.00022828287904,9.999977171712096,15.0,-50.00022828287904,optimized_frequencies,80,0.0
40,0.04,5.0,140.0,0.518397723010343,14.223220936872773,0.02,0.2,8,0,0.862784760247979,4.461453900828829,0.1,0.2,2,0,0.8,0.2,0.2,0.8,9.65348082153162,4.878222947348474,0.8,1.2,0,-80,5,5,10,9.999944108161886,10.0,-0.0005589183811416,9.999944108161886,10.0,-0.0005589183811416,optimized_frequencies,81,0.0
41,0.04,5.0,140.0,0.121949133415486,6.576576136802144,0.02,0.2,8,0,0.3520576867598068,2.4866362659432117,0.1,0.2,2,0,0.8,0.2,0.2,0.8,11.053200128459252,24.38711488962505,0.8,1.2,0,-80,5,5,10,9.999960960679594,10.0,-0.0003903932040572,9.999960960679594,10.0,-0.0003903932040572,optimized_frequencies,82,0.0
42,0.04,5.0,140.0,0.5321115797295598,12.942257359805954,0.02,0.2,8,0,0.8115841592270217,10.04406092106823,0.1,0.2,2,0,0.8,0.2,0.2,0.8,14.740962738779238,11.124031811923388,0.8,1.2,0,-80,5,5,10,9.999952722923236,10.0,-0.0004727707676366,9.999952722923236,10.0,-0.0004727707676366,optimized_frequencies,83,0.0
43,0.04,5.0,140.0,0.6492622100762997,17.670248998348395,0.02,0.2,8,0,0.97338639622435,14.175834191980329,0.1,0.2,2,0,0.8,0.2,0.2,0.8,10.319520130570028,4.63206305170158,0.8,1.2,0,-80,5,5,10,9.99994705493051,10.0,-0.0005294506948949,9.99994705493051,10.0,-0.0005294506948949,optimized_frequencies,84,0.0
44,0.04,5.0,140.0,0.9766879312216205,14.57184402354086,0.02,0.2,8,0,0.8354207774358262,14.517129657307898,0.1,0.2,2,0,0.8,0.2,0.2,0.8,10.707646964541178,5.279613870768621,0.8,1.2,0,-80,5,5,10,9.999947548687931,10.0,-0.0005245131206876,9.999947548687931,10.0,-0.0005245131206876,optimized_frequencies,85,0.0
45,0.04,5.0,140.0,0.8072716894319432,4.6935752088881175,0.02,0.2,8,0,0.671234936866485,1.8343003080497835,0.1,0.2,2,0,0.8,0.2,0.2,0.8,10.985804661466275,8.140438225704926,0.8,1.2,0,-80,5,5,10,9.999940675351796,10.0,-0.0005932464820368,9.999940675351796,10.0,-0.0005932464820368,optimized_frequencies,86,0.0
46,0.04,5.0,140.0,0.4404437433929501,7.95520230392494,0.02,0.2,8,0,0.6480183137865704,4.637797853142708,0.1,0.2,2,0,0.8,0.2,0.2,0.8,12.89564954916625,13.897054572914236,0.8,1.2,0,-80,5,5,10,9.999939760124818,10.0,-0.0006023987518233,9.999939760124818,10.0,-0.0006023987518233,optimized_frequencies,87,0.0
47,0.04,5.0,140.0,0.5911869374999144,8.252829484373718,0.02,0.2,8,0,0.7949075621007531,5.45341277962568,0.1,0.2,2,0,0.8,0.2,0.2,0.8,13.682053910967442,9.82506700918256,0.8,1.2,0,-80,5,5,10,9.999946083215166,9.0,9.99946083215166,9.999946083215166,9.0,9.99946083215166,optimized_frequencies,88,0.0
48,0.04,5.0,140.0,0.4363137100832363,9.43515742446906,0.02,0.2,8,0,0.60580138090596,6.900660313200994,0.1,0.2,2,0,0.8,0.2,0.2,0.8,13.672247300810902,17.063315269248438,0.8,1.2,0,-80,5,5,10,9.99994765165316,9.0,9.999476516531605,9.99994765165316,9.0,9.999476516531605,optimized_frequencies,89,0.0
49,0.04,5.0,140.0,0.7166282398237478,18.645432125187178,0.02,0.2,8,0,0.9683285369230245,17.197388069994467,0.1,0.2,2,0,0.8,0.2,0.2,0.8,15.855504262616856,5.118410381767426,0.8,1.2,0,-80,5,5,10,9.999944938771916,9.0,9.999449387719146,9.999944938771916,9.0,9.999449387719146,optimized_frequencies,90,0.0
50,0.04,5.0,140.0,0.6625093630889287,16.262296526027505,0.02,0.2,8,0,0.8215328362891945,9.099409584268804,0.1,0.2,2,0,0.8,0.2,0.2,0.8,8.101619947962332,4.346140079340559,0.8,1.2,0,-80,5,5,10,9.999949265619849,11.0,-10.00050734380153,9.999949265619849,11.0,-10.00050734380153,optimized_frequencies,91,0.0
51,0.04,5.0,140.0,0.3041567863446327,13.130429149141008,0.02,0.2,8,0,0.7946732181143985,10.39018836898842,0.1,0.2,2,0,0.8,0.2,0.2,0.8,13.034054477228338,16.7590134080053,0.8,1.2,0,-80,5,5,10,9.999962387350116,10.0,-0.0003761264988533,9.999962387350116,10.0,-0.0003761264988533,optimized_frequencies,92,0.0
52,0.04,5.0,140.0,0.2977930320908595,7.339303279648714,0.02,0.2,8,0,0.6941509224613238,2.877806822829079,0.1,0.2,2,0,0.8,0.2,0.2,0.8,16.260459667222293,13.719617600266758,0.8,1.2,0,-80,5,5,10,9.999971670425058,10.0,-0.0002832957494192,9.999971670425058,10.0,-0.0002832957494192,optimized_frequencies,93,0.0
53,0.04,5.0,140.0,0.3249052094991227,11.55245815724138,0.02,0.2,8,0,0.8792790115076321,8.114843663812124,0.1,0.2,2,0,0.8,0.2,0.2,0.8,11.806436647644109,23.585446236101525,0.8,1.2,0,-80,5,5,10,9.99995872203418,11.0,-10.000412779658204,9.99995872203418,11.0,-10.000412779658204,optimized_frequencies,94,0.0
54,0.04,5.0,140.0,0.7458056912721495,4.8948658526112,0.02,0.2,8,0,0.8119639625227181,2.161812564881785,0.1,0.2,2,0,0.8,0.2,0.2,0.8,16.881034269110305,10.094097400802656,0.8,1.2,0,-80,5,5,10,9.999933131390131,9.0,9.999331313901312,9.999933131390131,9.0,9.999331313901312,optimized_frequencies,95,0.0
55,0.04,5.0,140.0,0.9362979877516064,17.317972966288583,0.02,0.2,8,0,0.8591513819731156,5.521122152337931,0.1,0.2,2,0,0.8,0.2,0.2,0.8,3.0718638284707263,1.8522271575561788,0.8,1.2,0,-80,5,5,10,9.999838769488738,11.0,-10.00161230511262,9.999838769488738,11.0,-10.00161230511262,optimized_frequencies,96,0.0
56,0.04,5.0,140.0,0.0466766829826889,12.780476108182198,0.02,0.2,8,0,0.5711915394920623,9.317839207486088,0.1,0.2,2,0,0.8,0.2,0.2,0.8,5.665976587941071,24.574964528814043,0.8,1.2,0,-80,5,5,10,9.999959543325051,12.0,-20.00040456674947,9.999959543325051,12.0,-20.00040456674947,optimized_frequencies,97,0.0
57,0.04,5.0,140.0,0.7223176992879667,8.371922141928954,0.02,0.2,8,0,0.7891203381073635,5.07383682773056,0.1,0.2,2,0,0.8,0.2,0.2,0.8,12.550363896143075,9.482284224093242,0.8,1.2,0,-80,5,5,10,9.999940306704154,10.0,-0.0005969329584587,9.999940306704154,10.0,-0.0005969329584587,optimized_frequencies,98,0.0
58,0.04,5.0,140.0,0.2964020759072582,13.508757241743233,0.02,0.2,8,0,0.7481371839533162,8.9699505277177,0.1,0.2,2,0,0.8,0.2,0.2,0.8,7.689162899872384,6.086029501884241,0.8,1.2,0,-80,5,5,10,9.99996806662579,11.0,-10.000319333742098,9.99996806662579,11.0,-10.000319333742098,optimized_frequencies,99,0.0
59,0.04,5.0,140.0,0.3089641952269454,9.272918739148045,0.02,0.2,8,0,0.8956350788696363,5.8865629242296365,0.1,0.2,2,0,0.8,0.2,0.2,0.8,10.698634629539288,12.735380839751802,0.8,1.2,0,-80,5,5,10,9.999953838128782,10.0,-0.0004616187121797,9.999953838128782,10.0,-0.0004616187121797,optimized_frequencies,100,0.0
60,0.04,5.0,140.0,0.7593865020943975,19.12744406239198,0.02,0.2,8,0,0.9124387287951344,6.669450397454277,0.1,0.2,2,0,0.8,0.2,0.2,0.8,5.060066773120479,2.741826932341983,0.8,1.2,0,-80,5,5,10,9.999933035116385,11.0,-10.000669648836151,9.999933035116385,11.0,-10.000669648836151,optimized_frequencies,256,0.0
61,0.04,5.0,140.0,0.3082581741243563,14.411777085392307,0.02,0.2,8,0,0.7919155280102967,6.892907813612261,0.1,0.2,2,0,0.8,0.2,0.2,0.8,6.14474045060115,4.435921943516574,0.8,1.2,0,-80,5,5,10,9.999956587047311,11.0,-10.000434129526887,9.999956587047311,11.0,-10.000434129526887,optimized_frequencies,257,0.0
62,0.04,5.0,140.0,0.0233444882140692,10.591355227114136,0.02,0.2,8,0,0.9180781366046942,5.677238629503982,0.1,0.2,2,0,0.8,0.2,0.2,0.8,4.470089999821612,8.471170648974716,0.8,1.2,0,-80,5,5,10,9.999919465249254,10.0,-0.0008053475074554,9.999919465249254,10.0,-0.0008053475074554,optimized_frequencies,258,0.0
63,0.04,5.0,140.0,0.8704313433445006,9.425007008243243,0.02,0.2,8,0,0.4028054560957013,5.97708471805953,0.1,0.2,2,0,0.8,0.2,0.2,0.8,5.448877823221006,6.437582536425625,0.8,1.2,0,-80,5,5,10,9.999917095696436,12.0,-20.000829043035623,9.999917095696436,12.0,-20.000829043035623,optimized_frequencies,259,0.0
64,0.04,5.0,140.0,0.2341984432180952,13.66202589011712,0.02,0.2,8,0,0.906260575570386,8.10610666525654,0.1,0.2,2,0,0.8,0.2,0.2,0.8,3.5744826185095366,23.34679964769778,0.8,1.2,0,-80,5,5,10,9.999957711874082,14.0,-40.00042288125918,9.999957711874082,14.0,-40.00042288125918,optimized_frequencies,260,0.0
65,0.04,5.0,140.0,0.8361516733903479,16.31628680231511,0.02,0.2,8,0,0.7889139193388344,8.645970878183306,0.1,0.2,2,0,0.8,0.2,0.2,0.8,5.5884555771826365,3.2164269377267907,0.8,1.2,0,-80,5,5,10,9.999942497009846,11.0,-10.000575029901544,9.999942497009846,11.0,-10.000575029901544,optimized_frequencies,261,0.0
66,0.04,5.0,140.0,0.0892662873393951,12.74002845083916,0.02,0.2,8,0,0.5047049525746485,10.466550935131032,0.1,0.2,2,0,0.8,0.2,0.2,0.8,14.253319211756452,25.453569974957997,0.8,1.2,0,-80,5,5,10,9.999985972590444,10.0,-0.0001402740955747,9.999985972590444,10.0,-0.0001402740955747,optimized_frequencies,262,0.0
67,0.04,5.0,140.0,0.9605528980113436,10.9460485886444,0.02,0.2,8,0,0.7655392528214684,11.026540488486738,0.1,0.2,2,0,0.8,0.2,0.2,0.8,15.125276006949084,5.700229073879696,0.8,1.2,0,-80,5,5,10,9.999946423787838,9.0,9.999464237878382,9.999946423787838,9.0,9.999464237878382,optimized_frequencies,263,0.0
68,0.04,5.0,140.0,0.4862136468145292,13.347609979656692,0.02,0.2,8,0,0.5804963123558521,10.720105340876168,0.1,0.2,2,0,0.8,0.2,0.2,0.8,13.688929595995578,13.99990559287538,0.8,1.2,0,-80,5,5,10,9.999939133134095,10.0,-0.0006086686590478,9.999939133134095,10.0,-0.0006086686590478,optimized_frequencies,264,0.0
69,0.04,5.0,140.0,0.2627760827917587,12.334992316940603,0.02,0.2,8,0,0.6551715914262413,8.910913013951344,0.1,0.2,2,0,0.8,0.2,0.2,0.8,7.214110655953455,8.20411995666619,0.8,1.2,0,-80,5,5,10,9.999930937318709,12.0,-20.00069062681291,9.999930937318709,12.0,-20.00069062681291,optimized_frequencies,265,0.0
70,0.04,5.0,140.0,0.9272933928778913,18.18232820605206,0.02,0.2,8,0,0.9200104106429196,14.326870048010342,0.1,0.2,2,0,0.8,0.2,0.2,0.8,4.395175389297995,2.6883927249395096,0.8,1.2,0,-80,5,5,10,9.999850368840807,10.0,-0.0014963115919286,9.999850368840807,10.0,-0.0014963115919286,optimized_frequencies,266,0.0
71,0.04,5.0,140.0,0.4892231745161204,11.129813464410198,0.02,0.2,8,0,0.7716518136188334,8.109314666178534,0.1,0.2,2,0,0.8,0.2,0.2,0.8,13.695123714184044,13.953181929373947,0.8,1.2,0,-80,5,5,10,10.0,10.0,0.0,10.0,10.0,0.0,optimized_frequencies,267,0.0
72,0.04,5.0,140.0,0.6659283180363584,14.896407881242212,0.02,0.2,8,0,0.9315382359605376,4.546985710613768,0.1,0.2,2,0,0.8,0.2,0.2,0.8,12.532997599099115,4.118919223462836,0.8,1.2,0,-80,5,5,10,9.999956937943267,17.0,-70.00043062056731,9.999956937943267,17.0,-70.00043062056731,optimized_frequencies,268,0.0
73,0.04,5.0,140.0,0.0659127551157613,19.566325418726933,0.02,0.2,8,0,0.7749664177734636,15.353760801554609,0.1,0.2,2,0,0.8,0.2,0.2,0.8,12.611352643050248,22.608658390101585,0.8,1.2,0,-80,5,5,10,9.99999037321134,13.0,-30.00009626788659,9.99999037321134,13.0,-30.00009626788659,optimized_frequencies,269,0.0
74,0.04,5.0,140.0,0.5651472206716202,5.793822786202594,0.02,0.2,8,0,0.8588107697953117,2.019899741540762,0.1,0.2,2,0,0.8,0.2,0.2,0.8,13.29334854273934,12.233973817128032,0.8,1.2,0,-80,5,5,10,9.99993501936423,11.0,-10.0006498063577,9.99993501936423,11.0,-10.0006498063577,optimized_frequencies,270,0.0
75,0.04,5.0,140.0,0.1695328832737623,19.4800075401767,0.02,0.2,8,0,0.9221509824464916,16.13028334050143,0.1,0.2,2,0,0.8,0.2,0.2,0.8,11.272216313681817,12.571857866685129,0.8,1.2,0,-80,5,5,10,9.99998402711557,11.0,-10.000159728844302,9.99998402711557,11.0,-10.000159728844302,optimized_frequencies,271,0.0
76,0.04,5.0,140.0,0.1304717189253493,6.999145644116817,0.02,0.2,8,0,0.7255759650622854,0.697397464203533,0.1,0.2,2,0,0.8,0.2,0.2,0.8,8.405811264769804,25.11231631066707,0.8,1.2,0,-80,5,5,10,9.999960974391396,7.0,29.99960974391396,9.999960974391396,9.0,9.999609743913958,optimized_frequencies,272,0.0
77,0.04,5.0,140.0,0.3156098908946201,9.747481069654626,0.02,0.2,8,0,0.7386450754773078,6.2147251415250295,0.1,0.2,2,0,0.8,0.2,0.2,0.8,17.917419216086504,25.375692475704547,0.8,1.2,0,-80,5,5,10,9.999961566104378,9.0,9.999615661043784,9.999961566104378,9.0,9.999615661043784,optimized_frequencies,273,0.0
78,0.04,5.0,140.0,0.3229384682141787,10.89920047296384,0.02,0.2,8,0,0.8424796307828774,7.62927340290328,0.1,0.2,2,0,0.8,0.2,0.2,0.8,6.882482049566856,16.2253748192267,0.8,1.2,0,-80,5,5,10,9.99994473061703,13.0,-30.000552693829707,9.99994473061703,13.0,-30.000552693829707,optimized_frequencies,274,0.0
79,0.04,5.0,140.0,0.0134983986339926,6.9407617755996425,0.02,0.2,8,0,0.5290298871968601,1.387327460408109,0.1,0.2,2,0,0.8,0.2,0.2,0.8,2.652580861043781,8.522332760585204,0.8,1.2,0,-80,5,5,10,9.999921954874308,10.0,-0.0007804512569187,9.999921954874308,10.0,-0.0007804512569187,optimized_frequencies,275,0.0
80,0.04,5.0,140.0,0.2966527290808036,12.440919688027147,0.02,0.2,8,0,0.440050609973563,8.984184533002463,0.1,0.2,2,0,0.8,0.2,0.2,0.8,13.895623537512988,24.898709925354552,0.8,1.2,0,-80,5,5,10,10.999956574947692,10.0,9.999565749476922,10.999956574947692,10.0,9.999565749476922,optimized_frequencies,276,0.0
81,0.04,5.0,140.0,0.73236673959461,9.174615491853114,0.02,0.2,8,0,0.8862900569650978,5.588317766926309,0.1,0.2,2,0,0.8,0.2,0.2,0.8,5.486889497137867,7.549020098407907,0.8,1.2,0,-80,5,5,10,9.999909946418118,13.0,-30.00090053581882,9.999909946418118,13.0,-30.00090053581882,optimized_frequencies,277,0.0
82,0.04,5.0,140.0,0.276671505388464,9.751650414781372,0.02,0.2,8,0,0.5852193809327669,6.552819430802977,0.1,0.2,2,0,0.8,0.2,0.2,0.8,9.363092852598845,28.494841532299887,0.8,1.2,0,-80,5,5,10,9.999964523029874,11.0,-10.00035476970126,9.999964523029874,11.0,-10.00035476970126,optimized_frequencies,278,0.0
83,0.04,5.0,140.0,0.3011768194789735,16.275839403628908,0.02,0.2,8,0,0.6935282997800853,14.634566758569122,0.1,0.2,2,0,0.8,0.2,0.2,0.8,4.47583354067459,6.8868691807909,0.8,1.2,0,-80,5,5,10,9.999901224812325,12.0,-20.000987751876753,9.999901224812325,12.0,-20.000987751876753,optimized_frequencies,279,0.0
84,0.04,5.0,140.0,0.3131460550304769,14.837841116830807,0.02,0.2,8,0,0.5494722110092617,11.304600012787937,0.1,0.2,2,0,0.8,0.2,0.2,0.8,10.1963817390607,9.764885130285116,0.8,1.2,0,-80,5,5,10,9.99997294899262,11.0,-10.00027051007379,9.99997294899262,11.0,-10.00027051007379,optimized_frequencies,280,0.0
85,0.04,5.0,140.0,0.6550613660828846,10.293246960922335,0.02,0.2,8,0,0.8515664893796167,7.547076202972697,0.1,0.2,2,0,0.8,0.2,0.2,0.8,16.056922882199757,8.35716436710355,0.8,1.2,0,-80,5,5,10,9.99994957618786,10.0,-0.0005042381214082,9.99994957618786,10.0,-0.0005042381214082,optimized_frequencies,281,0.0
86,0.04,5.0,140.0,0.5295790502871086,14.711239669468489,0.02,0.2,8,0,0.7696197635133326,12.26802336261094,0.1,0.2,2,0,0.8,0.2,0.2,0.8,9.847201951866577,9.279210559174476,0.8,1.2,0,-80,5,5,10,9.99993763175292,11.0,-10.000623682470788,9.99993763175292,11.0,-10.000623682470788,optimized_frequencies,282,0.0
87,0.04,5.0,140.0,0.5068556372691727,17.340561512198345,0.02,0.2,8,0,0.8187965214656647,14.94015572319512,0.1,0.2,2,0,0.8,0.2,0.2,0.8,14.052114147810755,13.737189752721074,0.8,1.2,0,-80,5,5,10,9.999937602176436,10.0,-0.0006239782356409,9.999937602176436,10.0,-0.0006239782356409,optimized_frequencies,283,0.0
88,0.04,5.0,140.0,0.3213049016659198,9.427219348973292,0.02,0.2,8,0,0.607611781466789,5.03284194974524,0.1,0.2,2,0,0.8,0.2,0.2,0.8,5.334558966260505,26.873194064008832,0.8,1.2,0,-80,5,5,10,9.999962626602382,11.0,-10.000373733976176,9.999962626602382,11.0,-10.000373733976176,rand_init_optimization_results,5,0.0
89,0.04,5.0,140.0,0.7699205102210472,9.532664269429972,0.02,0.2,8,0,0.5505212788361781,2.514758611453807,0.1,0.2,2,0,0.8,0.2,0.2,0.8,4.320832021996198,4.091003929244671,0.8,1.2,0,-80,5,5,10,9.999919819111916,12.0,-20.000801808880855,9.999919819111916,12.0,-20.000801808880855,rand_init_optimization_results,6,0.25
90,0.04,5.0,140.0,0.8263034426305835,8.73535759039421,0.02,0.2,8,0,0.6088662973348098,6.244175835331831,0.1,0.2,2,0,0.8,0.2,0.2,0.8,14.999007562196809,9.936759746242632,0.8,1.2,0,-80,5,5,10,9.999932605926634,10.0,-0.0006739407336553,9.999932605926634,10.0,-0.0006739407336553,rand_init_optimization_results,7,0.0
91,0.04,5.0,140.0,0.2006285959364684,15.533352014641416,0.02,0.2,8,0,0.5204834650336447,13.010657938264949,0.1,0.2,2,0,0.8,0.2,0.2,0.8,8.69632753110938,15.261434772516036,0.8,1.2,0,-80,5,5,10,9.999969441762111,13.0,-30.00030558237888,9.999969441762111,13.0,-30.00030558237888,rand_init_optimization_results,8,0.25
92,0.04,5.0,140.0,0.1251322931212969,15.568720977017806,0.02,0.2,8,0,0.9878574239729124,9.75330748545477,0.1,0.2,2,0,0.8,0.2,0.2,0.8,12.633407359475584,27.542124999935275,0.8,1.2,0,-80,5,5,10,9.999971248422256,17.0,-70.00028751577743,9.999971248422256,8.0,19.999712484222577,rand_init_optimization_results,9,0.0
93,0.04,5.0,140.0,0.4471233219297759,12.965631959271782,0.02,0.2,8,0,0.4906681110230264,9.470485966935335,0.1,0.2,2,0,0.8,0.2,0.2,0.8,17.041465838632526,15.833946200128814,0.8,1.2,0,-80,5,5,10,9.99995566373604,10.0,-0.0004433626395972,9.99995566373604,10.0,-0.0004433626395972,rand_init_optimization_results,25,0.0
94,0.04,5.0,140.0,0.3329751342501447,10.32780775910618,0.02,0.2,8,0,0.7450521558625733,6.313794836713264,0.1,0.2,2,0,0.8,0.2,0.2,0.8,18.33916553494137,14.052954699329677,0.8,1.2,0,-80,5,5,10,9.999970598439363,10.0,-0.0002940156063679,9.999970598439363,10.0,-0.0002940156063679,rand_init_optimization_results,26,0.0
95,0.04,5.0,140.0,0.7168123624152958,11.05415865039318,0.02,0.2,8,0,0.7777823234367324,5.680709717944367,0.1,0.2,2,0,0.8,0.2,0.2,0.8,9.997469517901646,5.03638475672699,0.8,1.2,0,-80,5,5,10,9.9999458493529,10.0,-0.0005415064710057,9.9999458493529,10.0,-0.0005415064710057,rand_init_optimization_results,27,0.0
96,0.04,5.0,140.0,0.4122497889907451,7.020113583673494,0.02,0.2,8,0,0.879871430634988,3.638865270643741,0.1,0.2,2,0,0.8,0.2,0.2,0.8,10.82696129573885,20.27247611625948,0.8,1.2,0,-80,5,5,10,9.999953976224116,8.0,19.999539762241163,9.999953976224116,8.0,19.999539762241163,rand_init_optimization_results,28,0.0
97,0.04,5.0,140.0,0.297177451598495,14.589923091106062,0.02,0.2,8,0,0.6264915968580593,11.566312580455786,0.1,0.2,2,0,0.8,0.2,0.2,0.8,10.127705407974323,11.418902441645471,0.8,1.2,0,-80,5,5,10,9.99997180867109,11.0,-10.000281913289104,9.99997180867109,11.0,-10.000281913289104,rand_init_optimization_results,29,0.0
98,0.04,5.0,140.0,0.6365712084373512,16.760150443656798,0.02,0.2,8,0,0.7376035393008888,14.47717215704477,0.1,0.2,2,0,0.8,0.2,0.2,0.8,13.307019704758654,6.530868243941248,0.8,1.2,0,-80,5,5,10,9.99995904844978,10.0,-0.0004095155022021,9.99995904844978,10.0,-0.0004095155022021,rand_init_optimization_results,44,0.0
99,0.04,5.0,140.0,0.43477420821231,4.949146983409757,0.02,0.2,8,0,0.7034584893388766,1.112701043868242,0.1,0.2,2,0,0.8,0.2,0.2,0.8,18.90153343000325,16.629952922623485,0.8,1.2,0,-80,5,5,10,9.999947981418964,10.0,-0.0005201858103731,9.999947981418964,10.0,-0.0005201858103731,rand_init_optimization_results,45,0.0
100,0.04,5.0,140.0,0.9099268402614497,10.879798991157958,0.02,0.2,8,0,0.781239934031886,7.995897863474582,0.1,0.2,2,0,0.8,0.2,0.2,0.8,12.521924026224612,5.438308115047095,0.8,1.2,0,-80,5,5,10,9.999945909983394,10.0,-0.0005409001660616,9.999945909983394,10.0,-0.0005409001660616,rand_init_optimization_results,46,0.25
101,0.04,5.0,140.0,0.2638513792029241,14.296827162444202,0.02,0.2,8,0,0.7655858130947361,10.199758802472154,0.1,0.2,2,0,0.8,0.2,0.2,0.8,7.078702847241342,27.31231585543217,0.8,1.2,0,-80,5,5,10,10.999959156697187,13.0,-20.000408433028127,10.999959156697187,13.0,-20.000408433028127,rand_init_optimization_results,47,0.25
102,0.04,5.0,140.0,0.2684684373854289,17.210368217493325,0.02,0.2,8,0,0.6071696125440029,11.98434726218533,0.1,0.2,2,0,0.8,0.2,0.2,0.8,7.198545017408458,6.47473498925606,0.8,1.2,0,-80,5,5,10,9.999972164850888,12.0,-20.00027835149112,9.999972164850888,12.0,-20.00027835149112,rand_init_optimization_results,48,0.25
103,0.04,5.0,140.0,0.4457340883200509,12.723346493654912,0.02,0.2,8,0,0.6903164722037105,9.1996775831889,0.1,0.2,2,0,0.8,0.2,0.2,0.8,8.153353675872554,7.029728745947397,0.8,1.2,0,-80,5,5,10,9.99994905704592,11.0,-10.00050942954081,9.99994905704592,11.0,-10.00050942954081,rand_init_optimization_results,64,0.0
104,0.04,5.0,140.0,0.4773472924164977,17.495102410989514,0.02,0.2,8,0,0.4410537443890221,1.642866903151358,0.1,0.2,2,0,0.8,0.2,0.2,0.8,3.672450076501531,2.424371146022628,0.8,1.2,0,-80,5,5,10,9.999889890881864,12.0,-20.00110109118136,9.999889890881864,12.0,-20.00110109118136,rand_init_optimization_results,65,0.0
105,0.04,5.0,140.0,0.5831667250335553,14.813388503049143,0.02,0.2,8,0,0.5553060631678739,11.669665065237751,0.1,0.2,2,0,0.8,0.2,0.2,0.8,9.466834445474374,8.234550225589834,0.8,1.2,0,-80,5,5,10,9.99994337004842,11.0,-10.000566299515814,9.99994337004842,11.0,-10.000566299515814,rand_init_optimization_results,66,0.25
106,0.04,5.0,140.0,0.2030163802172587,8.736615534696043,0.02,0.2,8,0,0.6170703449000873,4.129815290004018,0.1,0.2,2,0,0.8,0.2,0.2,0.8,8.151809642099368,9.123863793560336,0.8,1.2,0,-80,5,5,10,9.999959385420178,11.0,-10.00040614579822,9.999959385420178,11.0,-10.00040614579822,rand_init_optimization_results,67,0.0
107,0.04,5.0,140.0,0.5258254222649803,17.751111967753154,0.02,0.2,8,0,0.8450372731806408,13.286989259088251,0.1,0.2,2,0,0.8,0.2,0.2,0.8,12.061267588280751,5.504301146315653,0.8,1.2,0,-80,5,5,10,9.999962602422617,10.0,-0.0003739757738507,9.999962602422617,10.0,-0.0003739757738507,rand_init_optimization_results,68,0.0
108,0.04,5.0,140.0,0.9414855475113756,4.583402075870497,0.02,0.2,8,0,0.7130331616384049,1.1800236272823028,0.1,0.2,2,0,0.8,0.2,0.2,0.8,13.681449273383244,5.569633112490166,0.8,1.2,0,-80,5,5,10,9.999944954532443,9.0,9.999449545324453,9.999944954532443,9.0,9.999449545324453,rand_init_optimization_results,80,0.0
109,0.04,5.0,140.0,0.2759760268429323,6.720391939361148,0.02,0.2,8,0,0.5739148426326405,2.3113020054556515,0.1,0.2,2,0,0.8,0.2,0.2,0.8,10.733481085811205,9.697753192752684,0.8,1.2,0,-80,5,5,10,9.9999620671866,10.0,-0.0003793281340058,9.9999620671866,10.0,-0.0003793281340058,rand_init_optimization_results,81,0.0
110,0.04,5.0,140.0,0.8150703874822988,6.962684228626337,0.02,0.2,8,0,0.968381619775568,4.621433781579391,0.1,0.2,2,0,0.8,0.2,0.2,0.8,18.19544864533439,6.530150487909188,0.8,1.2,0,-80,5,5,10,9.999944344883623,9.0,9.99944344883625,9.999944344883623,9.0,9.99944344883625,rand_init_optimization_results,82,0.0
111,0.04,5.0,140.0,0.8025917835913499,16.376817437974697,0.02,0.2,8,0,0.9363543113931968,13.670429908166495,0.1,0.2,2,0,0.8,0.2,0.2,0.8,5.994155322679536,3.729604826847974,0.8,1.2,0,-80,5,5,10,9.999912031457551,10.0,-0.0008796854244863,9.999912031457551,10.0,-0.0008796854244863,rand_init_optimization_results,83,0.0
112,0.04,5.0,140.0,0.5485812771936683,10.075952879808856,0.02,0.2,8,0,0.6553797600172235,6.958437138966858,0.1,0.2,2,0,0.8,0.2,0.2,0.8,19.282210577673357,16.2464891104685,0.8,1.2,0,-80,5,5,10,9.999946395068346,10.0,-0.000536049316544,9.999946395068346,10.0,-0.000536049316544,rand_init_optimization_results,84,0.0
